App Id,Area Type,District,Organization Name,Project Title,Statewide High Priority,District Grant,Throughput Score,Delay Score,Crash Frequency Score,Crash Rate Score,Access to Jobs,Disadvantaged Access to Jobs,Multimodal Access Score,Air Quality Score,Enviro Impact Score,Econ Dev Support Score,Intermodal Access Score,Travel Time Reliability Score,Land Use Score,Project Benefit Score,Total Project,Score Divided by Total Cost,SMART SCALE Request,SMART SCALE Score,Benefit Rank,State Rank,District Rank
1414,A,NOVA,Northern Virginia Transportation Commission,VRE Fredericksburg Line Capacity Expansion,x,,17.69,87.66,100, -    ,62.109,62.362,61.314,100,100,82.668,94.702, -    ,64.016,64.236,216034920,2.973,92636120,6.934,1,109,16
1057,A,Hampton Roads,Hampton Roads Transportation Planning Organization,I-64 Southside Widening and High Rise Bridge - Phase 1,x,,100,88.96,45.16,0.33,81.986,84.775,49.744,12.739,75.035,6.743, -    ,29.044,10.464,62.042,600000000,1.034,100000000,6.204,2,120,22
1090,A,Hampton Roads,Hampton Roads Transportation Planning Organization,I-64/I-264 Interchange Improvements,x,,60.61,53.86, -    , -    ,100,100,3.854,3.619,79.979,3.951, -    ,24.245,31.671,48.747,350091800,1.392,50000000,9.749,3,79,18
1293,A,NOVA,Prince William County,Route 234 At Balls Ford Intrchng and Rel/Widen Balls Ford Rd,x,x,65.48,100,15.61,1.81,6.814,6.786,2.596,8.86,32.741,15.262,17.729,1.05, -    ,41.289,126027000,3.276,124027000,3.329,4,170,30
1249,A,NOVA,Fairfax County,VA 286 - Popes Head Road Interchange,x,x,61.09,54.17,8.22,1.09,69.233,69.702, -    , -    ,54.101, -    , -    ,0.118, -    ,37.194,64303070,5.784,50558370,7.357,5,101,14
1240,A,NOVA,Loudoun County,Loudoun County Parkway (Shellhorn Road to US Route 50),x,x,45.27,69.78,5.43,0.42, -    , -    ,1.764,1.205,55.368,50.991, -    ,1.6,16.364,33.732,112053000,3.01,112053000,3.01,6,179,32
1349,D,Fredericksburg,Caroline County,Chilesburg-Route 738/639 Intersection Safety Improvements,,x, -    , -    ,10.77,94.76,0.002,0.002, -    , -    ,29.175, -    , -    ,0.001,,17.289,2110000,81.939,2110000,81.939,25,8,1
1119,A,NOVA,Fairfax County,Route 29 Widening (Union Mill Road to Buckley's Gate Drive),x,x,78.77,40.85,13.19,1.19,3.014,3.063,6.834,7.778,52.991,4.393, -    ,1.267,7.138,32.452,66973500,4.846,53766900,6.036,8,124,19
1120,A,NOVA,Loudoun County,Arcola Boulevard (Route 50 to Route 606),x,x,42.8,65.92, -    , -    ,13.598,13.782,1.066,20.388,51.969,32.783, -    ,66.357,5.235,32.442,54927930,5.906,28969930,11.199,9,68,10
1141,A,Fredericksburg,Spotsylvania County,Lafayette Blvd and Harrison Road,x,x,0.19, -    ,0.36,0.74, -    , -    ,0.202,0.345,5.068,13.438, -    ,0.019,14.057,3.563,1200000,29.69,1063000,33.516,141,28,2
1605,A,NOVA,Prince William County,Neabsco Mills Road Widening w/ Potomac Town Center Garage,x,x,11.62,34.5,21.77,0.01,78.325,79.084,36.852,50.959,43.347,0.56,4.136, -    , -    ,26.224,55924800,4.689,38638100,6.787,11,113,18
1416,A,NOVA,Arlington County,Rosslyn-Ballston corridor multimodal connections,x,x,9.58,2.35,8.99, -    ,0,0,33.197,17.003,38.748,48.274,1.111, -    ,84.862,25.349,5654200,44.832,5654200,44.832,12,20,4
1125,A,NOVA,Loudoun County,Dulles West Boulevard(Loudoun County Pkwy to Northstar Blvd),x,x,33.59,52.11, -    , -    ,3.174,3.214,0.594,0.608,40.364,35.862, -    ,21.033,9.678,24.952,67535200,3.695,65021200,3.837,13,150,24
1121,A,NOVA,Loudoun County,Northstar Boulevard (Braddock Road to Shreveport Drive),x,x,34.36,52.91, -    , -    ,5.027,5.117,0.851,0.969,40.145,2.738, -    ,23.68,9.349,24.511,114206700,2.146,70727700,3.466,14,163,28
1415,A,NOVA,Arlington County,Columbia Pike Smart Corridor,x,x,5.91,0.03,4.29,0.35, -    , -    ,20.472,17.476,17.864,1.384,0.955, -    ,100,23.884,1098710,217.383,1098710,217.383,15,3,1
1216,A,NOVA,Loudoun County,Prentice Drive Extension (Shellhorn Road to Lockridge Road),x,x,28.38,43.68, -    , -    ,0.867,0.845,1.016,0.868,39.563,73.27, -    , -    ,15.964,23.759,96120580,2.472,69950580,3.397,16,166,29
2260,A,Hampton Roads,CTB,Route 460 Project Southeast Virginia,x,x,35.47,45.99, -    , -    ,0.103,0.095, -    ,29.665,28.6,52.678, -    ,5.891,1.897,23.271,449999900,0.517,449999900,0.517,17,330,38
1436,A,NOVA,Dumfries Town,Route 1 (Fraley Boulevard) Widening,x,x,26.46,39.65,45.07,1.96,5.377,5.415,3.544,3.025,31.026,6.109, -    ,3.976,12.665,21.261,191733000,1.109,184110000,1.155,18,273,43
1307,B,Richmond,Richmond Regional Transportation Planning Organization,I-95 Auxiliary Lanes (nb & sb) between Rte. 288 and Rte. 10,x,,43.09,11.02,2.8,0.21,55.829,56.562, -    ,10.058,31.418,17.895,21.512,0.194,4.285,21.08,28770000,7.327,28770000,7.327,19,103,20
1678,A,NOVA,Loudoun County,1A - Northstar Boulevard (U.S. 50 to Shreveport Drive),x,x,28.47,43.9, -    , -    ,5.519,5.556,0.663,0.755,33.926,12.239, -    ,7.115,9.335,21.004,70413880,2.983,49158880,4.273,20,143,23
1513,B,Richmond,Richmond Regional Transportation Planning Organization,I-64 Widening (Exit 205 Bottoms Bridge to Exit 211 Rte. 106),x,,97.71,78.7,22.61,0.32, -    , -    , -    ,23.43,30.172,15.519, -    ,3.486,0.383,20.244,107490000,1.883,107490000,1.883,21,235,55
1070,A,Hampton Roads,Norfolk City,Brambleton Avenue/Tidewater Drive Intersection Improvements,x,x, -    ,2.69,0.63,0.39,1.928,1.963, -    , -    ,32.53,4.79,1.218,0.168,84.315,19.51,645500,302.244,645500,302.244,22,1,1
1153,C,Richmond,Prince George County,Rt.106 & Rt. 630 Intersection Safety Project (CH & BH Roads),,x, -    ,0.06,31.89,100, -    , -    , -    , -    ,28.397, -    , -    ,0.005,,17.911,5755850,31.118,5755850,31.118,23,33,4
1225,A,NOVA,Loudoun County,Shellhorn Rd/Sterling Blvd(LoudounCountyPkwy to Randolph Dr),x,x,26.06,40.08, -    , -    ,1.027,1.006,0.723,0.823,29.53,1.293, -    ,17.094,5.114,17.776,90964300,1.954,60275600,2.949,24,181,33
1382,A,Fredericksburg,George Washington Regional Commission,Twin Lake-Kensington Bike/Ped Connector,x,,0.31, -    ,3.53,2.33, -    , -    ,0.644,0.733,5.519,0.096, -    , -    ,17.246,4,1981550,20.188,1481550,27.001,130,40,3
1073,A,Hampton Roads,Norfolk City,Brambleton Avenue/Park Avenue Intersection Improvements,x,x, -    ,0,7.35,12.32, -    , -    , -    , -    ,26.591,3.566, -    ,0.039,73.113,16.551,594000,278.642,594000,278.642,26,2,2
1220,A,NOVA,Alexandria City,DASH Bus Service and Facility Expansion,x,x,28.86,9.61,36.88, -    , -    , -    ,100,34.147,23.612, -    ,9.767, -    , -    ,16.486,11134000,14.807,11134000,14.807,27,60,8
1184,C,Salem,Bedford County,Patriot Place Roundabout,x,x, -    , -    , -    , -    , -    , -    , -    , -    ,27.54,100, -    , -    ,,16.377,3512240,46.628,3512240,46.628,28,18,3
1215,A,NOVA,Alexandria City,West End Transitway - Southern Towers Transit Facilities,x,x,2.28,1.04,5.23, -    , -    , -    ,7.897,4.045,22.686, -    ,11.601, -    ,61.785,15.055,10000000,15.055,10000000,15.055,29,56,7
1007,A,NOVA,Fairfax County,Richmond Highway-Bus Rapid Transit,x,x,4.56,0,0.73, -    ,31.023,31.224,15.816,14.852,22.273,3.074, -    , -    ,38.201,14.855,324634900,0.458,101561000,1.463,30,258,41
1175,A,NOVA,Herndon Town,East Elden Street Widening and Improvements,x,x,0.06,0.44,19.4,3.49,0.425,0.429,0.192,0.164,23.637,0.392,0.174,1.082,64.391,14.835,43995010,3.372,26096621,5.685,31,129,20
1299,A,NOVA,Prince William County,Route 1/Jeff Davis Widening from Cardinal/Neabsco to Rte 234,x,x,2.2,35.87,56.9,2.23,10.156,10.302,7.61,9.095,24.565,0.164,0.861,3.295,7.585,14.742,200044000,0.737,200044000,0.737,32,304,49
1426,D,Salem,Franklin County,Southway Regional Business Park Project,,x,7.41,9.17,0.17,0,1.043,1.057,1.272,2.758,22.353,54.584,0.132,0.154,,13.757,22056050,6.237,3750050,36.684,33,25,4
1193,A,Hampton Roads,Virginia Beach City,Cleveland Street Phase IV,,x,0.81,0.44,9.05,4.93,0.232,0.235,2.256,2.407,21.671,1.672, -    , -    ,57.327,13.446,23647000,5.686,10000000,13.446,34,62,16
1115,A,NOVA,Fairfax County,Richmond Highway Widening (Mt Vernon Hwy to Napper Rd),x,x,4.31,14.16,62.15,2.8,5.317,5.328,13.723,11.715,20.406,2.429, -    ,3.479,23.846,13.313,214772900,0.62,90000000,1.479,35,256,40
1578,D,Staunton,Central Shenandoah Planning District Commission,Interstate 81 Exit 235 Weyers Cave - Truck Climbing Lanes,x,,11.62,5.95,18.74,0.53,13.543,13.09, -    ,14.851,21.537,7.518,56.35,3.196,,12.947,60220000,2.15,60220000,2.15,36,214,27
1393,D,Hampton Roads,Accomack County,"Route 13, Route 2702 & Route 695 Temperanceville/Saxis Road",,x,0.3,0.52,32.92,42.19, -    , -    , -    , -    ,20.344,0.149, -    ,0.029,,12.359,2065460,59.835,2065460,59.835,37,15,6
1453,A,Hampton Roads,James City County,Skiffes Creek Connector,x,x,21.11,19.04,7.56,0.17, -    , -    ,0.287,1.866,17.559,37.078, -    ,4.692,4.011,12.168,50503670,2.409,1544770,78.768,38,10,3
1102,B,Richmond,Chesterfield County,"BBC Ph 2 - NB288Ramp, BBC, Brad McNeer Connector, SB288Ramp",x,x,61.96,49.89, -    , -    ,2.077,2.116,0.042,0.036,19.25,9.336, -    ,0.217,10.853,11.987,72670000,1.65,71351070,1.68,39,244,57
1012,B,Richmond,Richmond City,B US60 / Downtown Expressway Gateway Pedestrian Improvements,x,x,1.84,5.06,3.38,2.94,0.043,0.044,3.819,4.347,13.569,18.185, -    , -    ,75.526,11.98,3308610,36.207,3308610,36.207,40,27,3
1126,A,NOVA,Loudoun County,Evergreen Mills Road (Northstar Blvd to Loudoun County Pkwy),x,x,1.19,27.36,15.06,2.84,2.424,2.462,4.127,3.523,19.781,42.528,0.392,0.308,10.981,11.932,82808000,1.441,41057000,2.906,41,182,34
1386,B,Culpeper,Charlottesville-Albemarle Metropolitan Planning Organization,Exit 124 (Interstate 64),x,,55.51,13.66,34.72,13.22,2.063,2.098, -    , -    ,19.921,0.168,1.588,0.239,4.32,11.918,18400000,6.477,18400000,6.477,42,116,8
1106,B,Richmond,Chesterfield County,"BBC Ph 1 - Bailey Bridge Connector, Brad McNeer Connector",x,x,55.61,44.66,8.04,0.11,2.077,2.116,0.417,0.356,19.55,8.412, -    ,2.069,9.312,11.793,22960000,5.136,21641070,5.449,43,132,26
1079,B,Culpeper,Charlottesville City,West Main Street Streetscape,,x,0.44, -    ,2.56,0.49, -    , -    ,1.53,1.306,16.563,10.149, -    ,0.072,87.13,11.242,29968420,3.751,18297920,6.144,44,121,10
1323,B,Richmond,Chesterfield County,"I-95/10 Interchange - Signalize Ramps, Aux.Lanes,PNR Exit 58",x,x,40.85,13.83,5.17,0.01,4.197,4.28,2.043,10.719,10.547,19.823,42.103,2.153,4.614,11.238,52543000,2.139,52543000,2.139,45,215,50
1039,B,Salem,Roanoke Valley Transportation Planning Organization,I-81 Northbound Auxiliary Lane between Exit 140 and 141,x,,16.41,3.33,1.89,0.2,31.701,33.312, -    ,13.559,18.668,0.849,25.35,0.009,2.822,11.12,15984100,6.957,15984100,6.957,46,107,20
1300,A,NOVA,Prince William County,Widen Telegraph Road from Minnieville to Prince William Pkwy,x,x,1.02,21.56,4.93,1.36,21.651,21.925,2.416,2.475,18.684, -    , -    ,0.178,10.592,11.094,40598500,2.733,40598500,2.733,47,189,36
1165,B,Richmond,Richmond Regional Transportation Planning Organization,"SB Rte. 288 to WB US 360 Off-Ramp, US 360 PNR Lot",x,,57.62,8.09,1.48,0,1.728,1.744,1.871,0.799,18.616,25.985,13.789,0.231,9.051,11.072,14561500,7.603,13242570,8.361,48,93,17
1506,B,Richmond,Chesterfield County,"SB Rt. 288 to WB US 360 WB Off-Ramp, US 360 PNR Lot",x,x,57.62,8.09,1.48,0,1.728,1.744,1.871,0.799,18.616,25.985,13.789,0.231,9.051,11.072,14561500,7.603,13242570,8.361,48,93,17
1001,B,Richmond,Richmond Regional Transportation Planning Organization,I-95/I-64 Overlap: Corridorwide Lighting,x,, -    , -    ,74.95,0.68, -    , -    , -    , -    ,17.496,6.398, -    , -    ,18.034,11.009,10654000,10.333,10654000,10.333,50,74,15
1047,B,Salem,Roanoke Valley Transportation Planning Organization,I-81 Southbound Auxiliary Lane between Exit 141 and 140,x,,18.3,2.33,1.28,0.15,29.958,31.525, -    ,13.979,17.685,1.161,17.424,0.047,2.98,10.479,14802800,7.079,14802800,7.079,51,105,19
1069,A,Hampton Roads,Norfolk City,I-264 W Off-ramp at Ballentine Boulevard,x,x, -    ,0.54,0.07,0.15,0.783,0.801, -    , -    ,16.917,2.727,1.497,0.009,46.49,10.462,1710000,61.18,1710000,61.18,52,14,5
1449,B,Richmond,Chesterfield County,Powhite Parkway Extension (Watermill Pkwy. to Woolridge Rd.),,x,50.92,41, -    , -    , -    , -    , -    , -    ,15.335,12.713, -    ,2.743,8.73,10.169,36000000,2.825,36000000,2.825,53,185,41
1497,A,Hampton Roads,Norfolk City,Hampton Boulevard and Terminal Boulevard Grade Separation,x,x,0.36,16.68,19.98,2.54,0.533,0.5,1.252,1.631,12.805,26.014,2.861,0.278,20.603,10.153,210119900,0.483,175524000,0.578,54,325,37
1476,C,Staunton,Frederick County,Route 37 and Warrior Drive,x,x,31.92,29.19, -    , -    ,0.307,0.303, -    , -    ,14.339,11.896, -    ,56.999,,9.996,49510800,2.019,49510800,2.019,55,225,30
1015,B,Richmond,Richmond City,H US360 Hull Street Phase I and II,x,x,0.41, -    ,66.18,5.76, -    , -    ,1.42,1.212,16.296,0.205, -    ,2.001,16.489,9.925,40198320,2.469,35183400,2.821,56,186,42
1235,A,Hampton Roads,York County,Route 17 Widening between Route 630 and Route 173,x,x,21.46,13.81,9.17,1.18,2.594,2.471, -    , -    ,11.043,1.534,1.665,1.139,1.779,9.483,17542600,5.406,14424100,6.575,57,114,20
1313,B,Richmond,Chesterfield County,I-95/Willis Road Interchange Improvement - Roundabout,x,x,18.29,4.57,17.76,1.31,2.53,2.568, -    ,9.969,15.048,21.588,29.89,0.228,2.98,9.473,47621100,1.989,42621100,2.223,58,205,47
1256,A,Hampton Roads,Virginia Beach City,Laskin Road Phase I-A,x,x,2.08,13.95,10.77,1.1,2.504,2.258,7.196,6.143,12.792,4.222,0.711,1.308,19.569,9.419,29000200,3.248,15000000,6.279,59,119,21
1334,A,NOVA,Falls Church City,Park Avenue Multimodal Improvements,,x,0.02, -    ,1.05,4.02, -    , -    ,0.017,0.019,15.21,4.042, -    , -    ,41.514,9.316,2000000,46.582,2000000,46.582,60,19,3
1229,A,NOVA,Loudoun County,Westwind Drive (Loudoun County Parkway to Route 606),x,x,10.28,15.5, -    , -    ,0.247,0.251,0.922,0.787,15.161,7.484, -    , -    ,11.953,9.271,43278410,2.142,19821410,4.677,61,137,21
1016,B,Richmond,Richmond City,I US360 Hull Street Safety / Operations Improvements Phase I,x,x,0.39, -    ,58.5,8.74,0.154,0.155,1.345,1.148,15.438,0.164, -    ,1.166,15.003,9.247,21099720,4.382,16084800,5.749,62,127,24
1140,A,Fredericksburg,Spotsylvania County,Route 208 and Hood Drive Intersection Improvement,x,x,16.35,7.76,1.64,1,1.686,1.686,1.247,1.064,16.184,1.329,0.697,0.121,12.514,9.142,5150000,17.752,4888655,18.701,63,50,4
1385,B,Culpeper,Charlottesville-Albemarle Metropolitan Planning Organization,Free Bridge Congestion Relief,x,,5.32,27.71,3.79,0.49,1.963,2.045,7.692,6.567,15,0.527,0.373,0.943,41.832,9.064,45761700,1.981,45761700,1.981,64,229,20
1138,A,Fredericksburg,Spotsylvania County,Route 208 and Breckenridge Drive Intersection Improvements,x,x,0.03, -    ,2.78,2.29, -    , -    ,0.105,0.036,3.489,72.656, -    ,0.089, -    ,2.494,1767500,14.109,1592500,15.659,176,55,5
1171,A,Hampton Roads,Suffolk City,Kings Highway Bridge Project,x,x,18.58,16.73,7.98,0.09,0.372,0.366,0.217,0.246,8.279, -    , -    ,20.463,0.582,8.946,91105100,0.982,91105100,0.982,66,282,33
1304,A,NOVA,Prince William County,Balls Ford Road Widening - Groveton Road to Route 234 Bus.,x,x,22.21,8.4,15.03,2.14,5.206,5.163,1.742,4.187,12.034, -    ,4.45,0.799, -    ,8.856,53563700,1.653,53563700,1.653,67,246,38
1179,A,Hampton Roads,Virginia Beach City,Indian River Road Phase VII-B,x,x,17.52,15.63, -    , -    ,4.143,4.245,0.704,0.601,0.171,0.66, -    ,0.61,3.973,8.838,11430000,7.732,5000000,17.676,68,53,15
1096,B,Richmond,Chesterfield County,Nash Road Extension from Beach Road to Route 10,x,x,47.68,38.33, -    , -    ,1.35,1.359,0.163,0.111,13.924,4.356, -    , -    ,6.554,8.609,22500000,3.826,19080000,4.512,69,141,28
1116,A,NOVA,Fairfax County,Seven Corners Ring Road (Phase 1A Segment 1A),x,x,1.45,1.51,0.45,1.78,1.25,1.255,1.628,1.39,14.177,5.006, -    ,0.009,33.132,8.474,71934200,1.178,52100000,1.627,70,247,39
1296,A,NOVA,Prince William County,Route 234 Bypass at Dumfries/PWP/Brentsville Rd Interchange,x,x,5.91,10.34,33.02,4.27,25.316,25.034,1.219,1.387,13.089, -    ,1.746,0.453, -    ,8.401,104830000,0.801,104830000,0.801,71,296,48
1618,A,NOVA,Leesburg Town,Rte 15 Leesburg Bypass Interchange with Edwards Ferry Road,x,x,1.58,17.68,12.32,1.87,3.998,4.004,5.488,4.685,6.004, -    ,2.126,0.78,12.515,8.401,104500000,0.804,99796445,0.842,72,294,46
1333,A,NOVA,Falls Church City,Broad Street Multimodal Improvements,x,x,1.34, -    ,5.48,1.62, -    , -    ,1.39,1.582,13.622,1.596, -    ,0.21,35.064,8.343,3000000,27.81,3000000,27.81,73,38,5
1500,D,Lynchburg,Pittsylvania County,Berry Hill Road Improvements,x,x, -    ,0,7.91,4.21,0.432,0.446, -    ,0.061,13.497,27.277,0.113,0.033,,8.287,29051700,2.852,29051700,2.852,74,184,11
1419,D,Hampton Roads,Northampton County,Stone Road - Northampton County,,x, -    , -    ,20.69,29.92, -    , -    , -    , -    ,13.608, -    , -    ,0.014,,8.272,1739810,47.548,1739810,47.548,75,17,7
1027,B,Salem,Roanoke Valley Transportation Planning Organization,I-81 Southbound Auxiliary Lane between Exit 143 and 141,x,,20.31,5.17,9.43,0.57,10.486,10.5, -    ,13.641,13.667,1.132,33.682,0.085,2.888,8.15,32168100,2.534,32168100,2.534,76,197,26
1339,D,Salem,Franklin County,Safety Improvements to Route 670 and Route 834,,x, -    ,0.1,4.87,37.17, -    , -    , -    , -    ,13.765,5.475, -    , -    ,,8.149,3940160,20.683,3940160,20.683,77,47,8
1280,A,NOVA,Alexandria City,Traffic Adaptive Signal Control Fiber Optic,x,x,0.29,3.97,17.79,0.19,5.147,5.106, -    ,1.163,14.24, -    , -    ,14.033,25.549,8.044,7675900,10.48,7675900,10.48,78,72,11
1128,A,Hampton Roads,Suffolk City,North Suffolk Connector,x,x,15.87,14.27, -    , -    ,0.462,0.468,0.332,0.283,12.548,0.687, -    ,9.663,1.668,7.94,30710080,2.586,30610080,2.594,79,193,26
1438,C,Staunton,Frederick County,Route 37 Extension I-81 Exit 310 to Route 522,x,x,30.73,28.12, -    , -    ,0.888,0.8, -    , -    ,10.751,8.319, -    ,30.969,,7.92,102187440,0.775,102187440,0.775,80,297,33
1219,A,NOVA,Loudoun County,Route 7/ Route 287 Interchange,x,x,9.13,19.53,2.03,5.9,0.228,0.223, -    , -    ,12.872, -    ,0.718,0.017,2.75,7.876,11390700,6.915,11390700,6.915,81,110,17
1051,C,Salem,Giles County,RTE 100 ENHANCEMENT,,x, -    ,0,36.32,20.82,0.06,0.055, -    , -    ,12.792, -    , -    ,0.077,,7.798,114002000,0.684,114002000,0.684,82,313,40
1614,B,Richmond,Henrico County,Magellan Parkway Extension Project - Alternate Application,,x,36.4,29.25, -    , -    ,2.242,2.262,0.216,0.185,7.48,2.709, -    ,5.784,14.517,7.776,38628000,2.013,38628000,2.013,83,227,53
1058,B,Richmond,Henrico County,Magellan Parkway Extension Project - Original Application,,x,39.99,32.18, -    , -    ,0.076,0.076,0.216,0.185,7.339,2.709, -    ,0.918,14.517,7.628,37784000,2.019,37784000,2.019,84,226,52
1279,A,NOVA,Alexandria City,Van Dorn Metro Multimodal Bridge,x,x,2.96,4.46, -    , -    , -    , -    ,1.32,1.127,6.582, -    , -    ,2.509,27.25,7.568,70023030,1.081,20000030,3.784,85,153,26
1080,B,Culpeper,Charlottesville City,Barracks Road at Emmet Street Intersection Improvements,x,x,0.37,0.23,3.16,1.02,0.085,0.089,1.272,1.086,12.214,0.265,0.283,0.137,60.644,7.322,8640870,8.474,8640870,8.474,86,92,4
1013,B,Richmond,Richmond City,D US360 Hull Street Streetscape from 9th St to Mayo Bridge,x,x,0.02, -    ,16.2,7.48,0.214,0.214,0.023,0.026,10.126,7.049, -    ,0.257,34.296,7.207,4060830,17.748,4060830,17.748,87,52,9
1656,D,Staunton,Northern Shenandoah Valley Regional Commission,I-81 Exit 296 Accel/Decel Lane Extensions,x,,11.59,0.07,0.12,0.05,0.032,0.03, -    ,14.074,12.158,2.002,69.351,0.01,,7.2,997481,72.177,997481,72.177,88,12,1
1218,A,NOVA,Loudoun County,Route 7/ Route 690 Interchange,x,x,6.65,10.37,20.91,0.24,9.935,9.572, -    , -    ,11.627, -    , -    ,2.71,3.964,6.94,36164900,1.919,9564900,7.256,89,104,15
1298,A,NOVA,Prince William County,Route 1 & 123 Interchange,x,x,3.66,5.48, -    , -    ,0.765,0.777,0.507,0.692,9.926,0.068, -    ,100,15.562,6.808,72144800,0.944,72144800,0.944,90,286,45
1054,D,Lynchburg,Charlotte County,Route 15 & 360 Roundabout,,x, -    ,0.03,3.16,19.04, -    , -    , -    , -    ,10.447,12.878, -    ,0.001,,6.56,7514630,8.729,7514630,8.729,91,89,5
1495,D,Lynchburg,Appomattox County,Old Courthouse Road Improvement Project,x,x,0.04,0,15.09,18.13,0.002,0.002,0.082,0.093,9.223,4.916,0.06,0.125,,6.5,11546300,5.629,11546300,5.629,92,130,7
1301,B,Salem,Greater Roanoke Transit Company,Smart Way Vehicle Expansion Project,x,,0.32,0.32,3.24, -    , -    , -    ,1.094,5.058,11.206,0.478,100, -    ,7.09,6.331,618000,102.437,618000,102.437,93,5,1
1440,A,Hampton Roads,Norfolk City,Granby Street Bike Lanes,x,x,0.29, -    ,43.68,2.95, -    , -    ,1.01,0.863,10.109,0.932, -    , -    ,22.342,6.307,822000,76.723,822000,76.723,94,11,4
1714,C,Richmond,Petersburg City,I-85 NB to I-95 SB-Tri-Cities MPO HB2 Priority #1,x,x,29.85,26.44,2.26,0,1.391,1.409,1.436,4.575,4.171,6.277,0.478,0.016,,6.258,15720054,3.981,15520054,4.033,95,147,30
1486,C,Richmond,Tri-Cities Area Metropolitan Planning Organization,I-85 NB to I-95 SB - Tri-Cities MPO HB2 Priority 1,x,,29.85,26.44,2.26,0,1.391,1.409,1.436,4.575,4.171,6.277,0.478,0.016,,6.258,17414110,3.594,17214110,3.636,95,155,32
1471,C,Staunton,Frederick County,Route 11 North Widening,x,x,4.26,6.44,16.89,5.54, -    , -    ,0.278,0.317,8.41,13.532,0.404,0.13,,6.113,28346100,2.157,28346100,2.157,97,212,26
1322,B,Richmond,Henrico County,Broad Street Pedestrian and Transit Stop Improvements,x,x,6.27,2.09,8.56,0.04, -    , -    ,21.731,11.13,10.178, -    ,9.103, -    ,20.967,6.1,1367000,44.623,1367000,44.623,98,21,2
1244,A,NOVA,Loudoun County,Acquisition of Transit Buses,x,x,2.68,9.55,2.27, -    , -    , -    ,9.299,1.588,10.418, -    ,49.494, -    ,8.226,5.885,7200000,8.174,7200000,8.174,99,96,13
1089,A,Hampton Roads,Poquoson City,Route 171 Widening - 2016,x,x,1.19,5.16,11.82,0.02,1.324,1.339,4.141,4.596,9.447,4.314,0.515,3.335,14.847,5.849,60434510,0.968,58579510,0.998,100,281,32
1117,A,NOVA,Fairfax County,Frontier Drive Extension,x,x,0.32,0.37,1.02,0.05,0.047,0.048,0.252,0.301,9.681,7.283, -    ,1.97,24.197,5.772,92589500,0.623,82589500,0.699,101,310,50
1046,A,NOVA,Fairfax City,George Snyder Trail,x,x,0.56, -    , -    , -    , -    , -    ,1.55,1.323,9.194,25.982, -    , -    ,20.806,5.639,15192900,3.712,14822900,3.804,102,152,25
1118,A,NOVA,Fairfax County,Soapstone Connector/Dulles Toll Road Overpass,x,x,0.92,1.23, -    , -    ,0.32,0.321,0.282,0.321,8.619,3.055, -    ,2.602,22.208,5.536,169854100,0.326,90648400,0.611,103,322,53
1201,A,NOVA,Loudoun County,Farmwell Road (Smith Switch Rd to Ashburn Rd),,x,0.78,12.5,8.76,0.81,1.911,1.946,1.274,1.451,9.074, -    ,0.47,0.949,7.396,5.518,30973500,1.781,11809500,4.672,104,138,22
1213,A,NOVA,Loudoun County,Pacific Boulevard (Route 28 to Old Ox Road),x,x,0.82,1.02, -    , -    ,0.239,0.242,0.347,0.395,9.172,41.663, -    ,21.6,15.375,5.471,16587200,3.298,16587200,3.298,105,171,31
1043,A,Hampton Roads,Newport News City,Jefferson Avenue at Yorktown Road Intersection Improvements,x,x,15.06,7.59,0.32,0.4, -    , -    , -    , -    ,5.538, -    ,1.193,0.034, -    ,5.403,2460000,21.962,2460000,21.962,106,43,13
1429,C,Salem,Christiansburg Town,N. Franklin Street - Peppers Ferry Road Connector Route,x,x,21.7,15.63, -    , -    , -    , -    ,0.486,0.457,8.842,10.936, -    ,6.457,,5.252,24075800,2.181,24075800,2.181,107,207,28
1483,C,Lynchburg,Lynchburg City,RTE 221 - INTERSECTION IMPROVEMENTS.,x,x,11.29,8.61,1.73,0.26,1.011,1.028,5.448,5.116,8.685,14.806,1.085,0.188,,5.192,42104380,1.233,24105300,2.154,108,213,12
1270,C,Staunton,Waynesboro City,Lew Dewitt - Rosser Connector,x,x,7.49,9.63,2.23,0.17,0.137,0.097,0.224,0.191,7.838,19.663, -    ,0.825,,5.013,11911912,4.208,11626912,4.312,109,142,18
1502,A,Hampton Roads,Hampton City,Coliseum Drive Extension Phase B,x,x,5.87,5.29,1.55,0.07, -    , -    ,0.022,0.025,6.901,3.084, -    ,2.436,9.918,4.999,17745432,2.817,17740000,2.818,110,187,25
1378,C,Culpeper,Louisa County,Route 208 Upgrade UPC104110,,x, -    ,0,3.83,1.11,0.379,0.387, -    , -    ,8.286,25.775,0.283,0.073,,4.993,15200000,3.285,14100000,3.541,111,157,14
1275,C,Staunton,Augusta County,Mill Place Parkway Improvements,x,x,0.04,0.08,0.12,0,0.009,0.009,0.123,7.973,8.146,25.082,1.309,3.246,,4.828,1789041,26.985,1189041,40.602,112,24,4
1167,C,Culpeper,Greene County,Route 670 Connector Road,,x,17.64,22.89,9.28,0.56,0.017,0.018, -    , -    ,6.68,0.114, -    ,2.134,,4.731,5400000,8.76,5400000,8.76,113,86,3
1277,A,NOVA,Alexandria City,Backlick Run Trail Phase I,x,x,0.41, -    , -    , -    ,0.114,0.11,0.851,0.969,6.459, -    , -    , -    ,21.013,4.705,7162783,6.569,5044545,9.327,114,82,12
1332,D,Salem,Rocky Mount Town,Intersection Realignment/Improvement: US 220 Business/SR 40,x,x, -    , -    ,0.64,1.45, -    , -    , -    , -    ,6.78,18.896, -    , -    ,,4.621,4936472,9.361,4926472,9.38,115,81,15
1404,C,Culpeper,Albemarle County,Route 151/US 250 Intersection Improvements,x,x,2.86,5.77,8.76,15.67,2.777,2.794, -    , -    ,6.32,0.118, -    ,0.016,,4.593,5800000,7.919,4750000,9.67,116,80,2
1371,D,Lynchburg,Danville City,Arnett Boulevard Improvements,,x,0.1, -    ,6.98,20.66, -    , -    ,0.217,0.247,8.1, -    , -    , -    ,,4.576,500588,91.406,500588,91.406,117,7,1
1163,B,Richmond,Richmond Regional Transportation Planning Organization,I-95/I-64 Overlap: Emergency Pull-Offs,x,, -    , -    ,7.18,0.29, -    , -    , -    , -    ,6.931,4.709, -    ,1.36,27.624,4.475,7665610,5.838,7665610,5.838,118,126,23
1203,A,Hampton Roads,Chesapeake City,Great Bridge Blvd Right Turn Lane,,x,1.21,4.1,0.81,0.74, -    , -    ,4.204,2.153,5.669, -    , -    ,0.106,13.186,4.39,1210000,36.283,1210000,36.283,119,26,9
1113,C,Staunton,Staunton City,Staunton Crossing Street Extension,x,x,10.65,14.23,0.81,0,0.695,0.704,0.96,9.15,5.257,9.349,0.511, -    ,,4.304,8764970,4.91,6807590,6.322,120,118,16
1075,B,Richmond,Chesterfield County,Meadowville Technology Parkway at I-295 Widening,x,x,16.39,5.92,0.03,0.2,1.308,1.326,0.377,0.257,7.059,12.535,0.597,0,3.703,4.241,20000000,2.121,20000000,2.121,121,218,51
1230,A,NOVA,Loudoun County,Loudoun Park and Ride,x,x,1.07,2.8,4.22,0.01,4.732,4.8,2.954,2.206,7.022, -    , -    , -    ,10.683,4.232,7604400,5.565,3633400,11.647,122,66,9
1501,C,Salem,New River Valley Metropolitan Planning Organization,Extension of the Smart Road to I 81,x,,7.91,5.72, -    , -    ,13.582,14.444, -    , -    ,5.987,0.998, -    , -    ,,4.231,215376000,0.196,215376000,0.196,123,379,46
1321,B,Richmond,Henrico County,Richmond-Henrico Turnpike Improvements,x,x,3.74,3.25,6.21,1.34,1.307,1.275,0.948,0.852,6.97,16.105,0.451,0.18,2.649,4.2,30008000,1.4,12387000,3.391,124,168,35
1680,A,NOVA,Loudoun County,1B - Northstar Boulevard (Braddock Road to US 50),x,x,3.15,4.8, -    , -    ,0.397,0.403,0.171,0.195,6.873,2.221, -    ,1.171,9.593,4.192,41291800,1.015,21017800,1.994,125,228,37
1532,A,NOVA,Prince William County,Construct Summit School Road From Existing to Telegraph Road,x,x,1.15,1.54, -    , -    ,11.375,11.534,0.583,0.597,7.034, -    , -    , -    ,9.002,4.175,35962000,1.161,35962000,1.161,126,272,42
1283,D,Lynchburg,Campbell County,Route 501 Passing Lanes,x,x, -    , -    ,17.77,7.33,0.147,0.153, -    , -    ,7.027, -    ,0.42,0.029,,4.166,23651910,1.762,22518131,1.85,127,237,14
1445,D,Staunton,Warren County,Rte. 658/Rockland Rd. NS Railway Bridge,x,x, -    ,0.52,1.07,24.02, -    , -    , -    ,0.004,6.66, -    ,0.021, -    ,,4.123,12979400,3.177,12979400,3.177,128,173,20
1403,C,Culpeper,Albemarle County,Route 20/649 Intersection Improvements,x,x,2.77,2.97,5.61,22.15, -    , -    , -    , -    ,4.302, -    , -    ,0.003,,4.117,4000000,10.292,4000000,10.292,129,75,1
1104,A,Fredericksburg,George Washington Regional Commission,"107714: Improve Brooke and Leeland VRE Sta, Const PS VRE Sta",x,,10.91,37.69,51.01, -    ,62.109,62.362,37.792,65.865,55.126,66.299,94.702, -    ,9.455,32.956,59759770,5.515,22047320,14.948,7,58,6
1014,B,Richmond,Richmond City,E Smart Cities: Centralized Transit SP / EV Preemption,x,x,1.72,2.67, -    , -    , -    , -    ,5.949,2.031,7.05,13.783, -    , -    ,12.487,3.983,1911080,20.841,1911080,20.841,131,45,7
1017,B,Richmond,Richmond City,J US1/US301 Freight Corridor Improvements,x,x,0.28,1.07,8.76,1.84,0.454,0.463,0.96,0.655,6.219,6.048,0.56,0.588,15.308,3.946,52742080,0.748,44849700,0.88,132,289,65
1606,D,Bristol,Cumberland Plateau Planning District Commission,Coalfields Expressway (Rte 121) - Doe Branch,x,,1.49,1.94,22.04,0.67,0.039,0.038, -    ,0.079,2.341, -    , -    ,3.188,,3.927,155871000,0.252,155871000,0.252,133,368,30
1269,D,Staunton,Augusta County,Weyers Cave Road (Rt. 256) Widening Project,x,x,0.23,0.32,1.41,0,0.067,0.067,0.8,12.837,6.61,12.137,1.515,0.211,,3.914,17308700,2.261,17308700,2.261,134,204,24
1612,B,Richmond,Henrico County,Richmond-Henrico Turnpike Improvements - Northern Segment,x,x,3.74,3.25,3.29,2.01,1.375,1.34,0.948,1.013,6.36,16.105,0.451, -    ,1.946,3.888,11425000,3.403,3567000,10.901,135,71,13
1643,D,Staunton,Northern Shenandoah Valley Regional Commission,I-81 Exit 300 Southbound Acceleration Lane Extension,x,,10.57,0.32,1.17,0.81,0.205,0.203, -    ,15.196,4.721, -    ,28.081, -    ,,3.828,3437420,11.137,3437420,11.137,136,70,10
1473,C,Staunton,Frederick County,Exit 317 and Redbud Road,x,x,0.05,0.32,6.3,6.77,0.257,0.246,0.11,0.125,2.017,12.423,1.402,0.101,,3.764,11239132,3.349,10726952,3.509,137,160,19
1439,B,Richmond,Powhatan County,Rt. 711 & Rt. 607 Intersection Improvements,,x, -    , -    ,9.86,23.75, -    , -    , -    , -    ,6.118,0.357, -    ,0.002,0.151,3.724,3580769,10.401,3313060,11.241,138,67,12
1002,B,Salem,Roanoke Valley Transportation Planning Organization,I-81 Southbound Auxiliary Lane Exit 150 to Weigh Station,x,,10.82,1.16,2.13,0.4,3.406,3.155, -    ,12.063,6.103, -    ,22.284,0.056, -    ,3.622,21531500,1.682,21531500,1.682,139,243,33
1068,D,Salem,Roanoke Valley-Alleghany Regional Commission,I-81 Southbound Safety Improvements MM167.4 to MM169.5,x,, -    , -    ,12.81,1.64, -    , -    , -    , -    ,5.648, -    ,16.655,0.025,,3.617,11506900,3.144,11506900,3.144,140,175,24
1145,A,Fredericksburg,Spotsylvania County,"I-95 Exit 126, Route 1 Southbound onto Southpoint Parkway",x,x,15.72,4.06,2.46,0.36,1.528,1.549, -    ,3.184,14.629,0.867,1.681,1.603,16.65,8.985,14495000,6.199,12745000,7.05,65,106,7
1405,B,Culpeper,Albemarle County,Route 240/US 250 Intersection Improvements,x,x,0.66,0.46,11.44,19.74, -    , -    ,0.108,0.123,4.828,0.119, -    ,0.008,0.731,3.543,8600000,4.119,8600000,4.119,142,146,13
1227,A,NOVA,Loudoun County,Waxpool Rd/Loudoun County Pkwy Intersection Improvements,x,x,0,10.32,0.75,0.14,0.258,0.26, -    , -    ,5.784, -    , -    ,0.585,4.1,3.49,5147160,6.781,277160,125.938,143,4,2
1360,A,Hampton Roads,Williamsburg City,Ironbound Road Phase 2,x,x,0.16,0.19,0.08,0.17, -    , -    ,0.564,0.481,5.796,5.753, -    ,0.002,14.504,3.489,1922700,18.148,1922700,18.148,144,51,14
1162,C,Culpeper,Louisa County,Route 208-522 Intersection Improvements,,x,0.14,0.09,3.16,21.52, -    , -    ,0.295,0.336,5.819,0.154, -    ,0.001,,3.449,5400000,6.387,5400000,6.387,145,117,9
1753,B,Richmond,Chesterfield County,I-95/Willis Road Interchange – Area Roadway Improvements,x,x, -    ,0.34,0.67,0.78,0.031,0.032, -    ,0.751,4.41,21.466,1.664,0.023,3.564,3.434,13440000,2.555,13440000,2.555,146,195,45
1103,C,Staunton,Staunton City,Richmond Avenue Road Diet and Roundabout,x,x,0.14, -    ,7.3,5.57,0.002,0.002,0.484,0.413,5.644,9.421,0.25,0.043,,3.375,2245810,15.028,2245810,15.028,147,57,9
1242,B,Salem,Roanoke County,McVitty Road and Old Cave Spring Road Improvements,,x, -    ,2.79,9.19,3.45,0.301,0.311, -    , -    ,5.611,2.342, -    ,0.227,12.217,3.327,20093190,1.656,13055148,2.548,148,196,25
1410,B,Salem,Roanoke City,Franklin Rd Sidewalk Improvements from 3100 block to Rt. 220,,x,0.15, -    ,5.98,2.13,0.469,0.46,0.513,0.263,5.616, -    , -    , -    ,20.902,3.325,1116310,29.785,1116310,29.785,149,34,5
1341,B,Salem,Salem City,Downtown Salem Intersection and Streetscape Improvements,x,x,0.41,0.04,2.28,3.66,0.057,0.054,1.435,0.858,4.945,9.378, -    ,0.017,11.89,3.316,3629870,9.136,3629870,9.136,150,85,18
1379,C,Staunton,Rockingham County,Rt. 704 Realignment,x,x,1.89,2.09,0.37,0.96, -    , -    , -    , -    ,5.568,17.086, -    ,0.01,,3.306,3475108,9.512,1475108,22.409,151,42,7
1424,B,Salem,Roanoke City,Hollins Road and Orange Avenue Intersection Improvements,x,x,1.16,6.76,1.7,1.54,2.08,2.048,4.022,3.401,5.474,3.391,3.321, -    ,7.791,3.297,3552250,9.28,3552250,9.28,152,83,16
1243,B,Salem,Roanoke County,Route 419 and Route 221 Adaptive Traffic Control,x,x, -    ,0.37,8.2,0.81, -    , -    , -    , -    ,5.834,6.003, -    ,0.352,13.4,3.296,663457,49.673,663457,49.673,153,16,2
1245,D,Staunton,Rockbridge County,Raphine Exit 205/Raphine Road (Route 606),,x, -    ,0.48,0.78,9.97, -    , -    , -    ,1.437,5.436,5.948, -    ,0.005,,3.23,2440100,13.235,500100,64.579,154,13,2
1443,D,Fredericksburg,Gloucester County,Pedestrian/Streetscape Improvements on Rte 17B -Main St,x,x,0.34,0.06,11.58,1.77,0.264,0.255,0.219,0.249,4.124,1.136, -    ,0.34,,2.541,7226000,3.516,7226000,3.516,174,159,8
1303,A,NOVA,Prince William County,"Van Buren, New Road & Bridge",x,x,2.1,2.98, -    , -    ,1.882,1.911,0.371,0.422,4.851, -    , -    ,12.068,6.691,3.105,60947500,0.509,60947500,0.509,156,334,56
1071,B,Richmond,Hanover County,U.S. Route 360/Lee Davis Rd Intersection (UPC 13551),,x,3.94,5.34,7.41,1.07,3.714,3.695,0.496,0.565,4.467,1.281,1.077,0.662,3.175,3.103,24184000,1.283,9829100,3.157,157,174,38
1110,D,Fredericksburg,Essex County,Loretto Park & Ride Improvements,,x,0,0,0.05,0, -    , -    ,0.013,4.241,0.326, -    ,0.002, -    ,,0.237,915000,2.591,915000,2.591,366,194,9
1411,D,Fredericksburg,Gloucester County,Route 614 Reconstruction - Hickory Fork Road,,x, -    , -    ,11.64,6.57,0.046,0.044, -    , -    ,5.187,0.532, -    ,0.006,,3.109,12556000,2.476,12556000,2.476,155,199,10
1223,A,NOVA,Loudoun County,Route 9/Route 287 Roundabout,x,x,2.66,7.63,10.04,6.61,0.141,0.142, -    , -    ,5.083, -    , -    ,0.091,0.243,3.051,12063063,2.529,10835063,2.816,160,188,35
1095,C,Richmond,Chesterfield County,North Enon Church Road Widening,x,x,0.06,0.01,4.75,2.98,0.061,0.061,0.059,0.833,4.383,10.569,1.343, -    ,,2.899,15000000,1.933,15000000,1.933,161,230,54
1613,B,Richmond,Henrico County,Richmond-Henrico Turnpike Improvements - Southern Segment,x,x,0.19,0,2.43,0.8, -    , -    ,0.667,0.592,4.829,16.105, -    , -    ,2.999,2.875,18642000,1.542,8879000,3.238,162,172,37
1370,D,Lynchburg,Danville City,Kentuck Road Improvements,x,x, -    , -    ,5.89,11.63, -    , -    , -    , -    ,4.825, -    , -    ,0.014,,2.87,7491440,3.831,7491440,3.831,163,151,8
1232,B,Salem,Roanoke City,Valley View Boulevard Extension,x,x,3.67,1.97, -    , -    , -    , -    ,0.104,0.118,4.687,3.551, -    ,0,17.718,2.866,46017000,0.623,46017000,0.623,164,320,41
1108,B,Richmond,Hanover County,Cold Harbor (Rt 156) and Catlin Rd (Rt. 1440) Left-Turn Lane,,x, -    ,0.02,5.39,17.84,0.003,0.003, -    , -    ,3.841,0.023,0.106,0.009,2.858,2.81,1357200,20.703,1357200,20.703,165,46,8
1581,B,Richmond,New Kent County,State Route 155 Shoulder Wedging and Bicycle Accommodations,x,x, -    ,0,18.64,6.15,0.044,0.043, -    , -    ,4.718,0.532,0.031, -    ,0.185,2.807,5702200,4.922,4581400,6.127,166,122,22
1516,B,Culpeper,Albemarle County,Meeting St Extended,x,x,0.1,0.09, -    , -    , -    , -    ,0.065,0.074,4.724,12.891, -    , -    ,9.998,2.804,7950000,3.527,7950000,3.527,167,158,15
1231,A,Hampton Roads,York County,Route 171 Widening between Route 600 and Poquoson city line,x,x,0.78,4.17,9.13,1.54,0.944,0.952,1.631,1.856,4.491,2.788, -    , -    ,3.903,2.725,26897500,1.013,26897500,1.013,168,279,31
1314,B,Richmond,Chesterfield County,Winterpock Rd (Rt 360-0.25 mi S of Royal Birkdale) Widening,x,x,0.57,2.74,7.87,1.98,0.442,0.45,1.583,1.351,4.585,2.728,0.191,0.387,6.75,2.723,16000000,1.702,12581000,2.164,169,211,49
1187,A,Hampton Roads,Chesapeake City,George Washington Highway Widening,x,x,0.32,3.13,23.07,5.62,0.964,0.944,1.108,1.419,4.506, -    ,0.891,0.473,3.784,2.708,28589900,0.947,28589900,0.947,170,285,34
1343,B,Salem,Salem City,Mason Creek Greenway Phase 3 - 419 Multimodal Improvements,x,x,0.33, -    ,4.03,1.35,0.192,0.198,1.127,0.577,4.501,6.417, -    , -    ,9.887,2.671,2610310,10.231,2610310,10.231,171,76,13
1434,C,Staunton,Winchester City,Green Circle Trail - Final Phases,x,x,0.28, -    ,11.5,7.25, -    , -    ,0.574,0.654,3.65,0.303, -    , -    ,,2.654,5754500,4.612,3092000,8.582,172,90,12
1442,A,Hampton Roads,Poquoson City,Route 171 (Victory Boulevard) Widening:  Poquoson Segment,x,x,0.24,0.04,5.99,0.01,0.032,0.033,0.816,0.906,4.12,2.855, -    ,0.88,10.001,2.586,24628100,1.05,24628100,1.05,173,277,30
1101,A,Fredericksburg,Fredericksburg Area Metropolitan Planning Organization,Rappahannock River Crossing - Northbound (I-95 CD Lanes),x,,61.06,54.8,10.74,0.14,18.151,18.25, -    , -    ,25.892,3.297, -    ,32.517,7.965,31.833,132000000,2.412,130000000,2.449,10,201,11
1544,C,Salem,Christiansburg Town,Parkway Drive Extension to S. Franklin Street,x,x,0.67,0.49, -    , -    , -    , -    , -    , -    ,4.274,14.902, -    , -    ,,2.536,11949310,2.122,11949310,2.122,175,216,29
1025,D,Fredericksburg,King George County,Naval Base Dahlgren Turn Lane Extension Route 301 South,,x, -    ,0.26,0.15,0.16,0.058,0.057, -    , -    ,0.703,0.666,2.615, -    ,,0.424,2000000,2.121,2000000,2.121,340,217,12
1076,B,Richmond,Chesterfield County,Rt. 360 (Woodlake to Otterdale) Widening,,x,0.25,1.14,2.15,0.3,0.509,0.516,0.439,0.3,4.142,5.654,3.637,0.173,9.503,2.476,35000000,0.707,35000000,0.707,177,308,66
1305,B,Salem,Greater Roanoke Transit Company,Valley Metro's Route 91/92 Vehicle Expansion Project,x,,0.41,0,2.93, -    , -    , -    ,1.436,0.735,4.361, -    ,3.298, -    ,13.878,2.463,1700000,14.491,1700000,14.491,178,61,10
1503,C,Staunton,Frederick County,Sulphur Springs Road Intersection Improvements,,x, -    ,0.06,5.34,12.26,0.012,0.011, -    , -    ,4.156, -    ,0.913,0.025,,2.462,3443255,7.149,2812610,8.752,179,87,11
1400,D,Hampton Roads,Accomack County,Route 13 & Route 175 Chincoteague Road,,x, -    , -    ,11.56,3.6, -    , -    , -    , -    ,3.503, -    , -    ,0.117,,2.459,977884,25.141,977884,25.141,180,41,12
1290,B,Richmond,Chesterfield County,Otterdale Rd (Rt 360 to north of Foxcreek Crossing) Widening,,x,0.03,0.74,3.65,5.59,0.75,0.773,0.028,0.032,4.137,3.962,0.089,0.022,6.358,2.458,19220000,1.279,9220000,2.666,181,191,44
1088,A,Hampton Roads,York County,Route 171 Widening between Route 17 and Route 134,x,x, -    ,0.74,0.23,0.28,0.001,0.001, -    , -    ,3.868,1.818,0.257,0.012,10.147,2.458,4643259,5.294,4588259,5.358,182,134,23
1092,C,Richmond,Chesterfield County,Harrowgate Road/Cougar Trail - Pedestrian Improvements,x,x,0.07, -    ,0.03,0.06,0.022,0.022,0.069,0.079,4.099,14.826, -    , -    ,,2.457,890000,27.603,268500,91.496,183,6,1
1676,D,Lynchburg,Cumberland County,Columbia Road (690) and Cartersville Road (45),,x, -    ,0.01,0.49,14.34,0,0, -    , -    ,4.08, -    , -    ,0,,2.428,3526390,6.886,3526390,6.886,184,111,6
1168,C,Culpeper,Culpeper County,Rt. 15/29 Business Widening Including Pedestrian/Bike Access,,x,0.13, -    ,12.63,4.03,0.007,0.007,0.267,0.304,4.088,0.614, -    ,0.143,,2.426,32000000,0.758,32000000,0.758,185,299,28
1512,A,Hampton Roads,Hampton City,Power Plant Pkwy Sidewalks,,x,0.33, -    ,1.03,0.52,0.366,0.367,1.137,0.583,3.921,0.586, -    , -    ,9.934,2.42,753500,32.123,749000,32.316,186,31,11
1112,C,Staunton,Staunton City,Richmond Avenue-Statler Boulevard Intersection Improvements,x,x, -    ,0.29,5.29,3.44,0.065,0.065, -    , -    ,4.04,7.013,0.548,0.076,,2.412,573278,42.071,573278,42.071,187,23,3
1507,D,Hampton Roads,Greensville County,301 South Median Crossover Project,,x, -    , -    ,1.92,12.74, -    , -    , -    , -    ,4.026, -    , -    ,0.001,,2.4,729480,32.894,729480,32.894,188,29,10
1392,B,Culpeper,Albemarle County,Lewis & Clarke Dr Extension to Innovation Dr/Airport Rd,x,x,0.4,0.4, -    , -    ,0.106,0.107,0.151,0.172,4.002,9.938, -    ,4.171,7.295,2.386,11000000,2.169,11000000,2.169,189,210,18
1407,D,Salem,Carroll County,"Interstate 77, Exit 1 and Route 620 Improvements",x,x,3.63,0.08,0.62,1.04,0.028,0.028, -    ,9.479,3.989,2.08,11.64,0.009,,2.363,11608100,2.036,11608100,2.036,190,223,31
1186,A,NOVA,Vienna Town,Route 123 & 243 Traffic Signal Upgrades,x,x,0.29,0,6.39,0.92, -    , -    ,0.298,0.339,4.177,0.078, -    ,0.641,9.345,2.36,2092110,11.279,1179110,20.013,191,49,6
1394,C,Salem,Blacksburg Town,Expansion Bus Purchase (2 60’ Articulated),x,x,3.49,0.01,4.35, -    , -    , -    ,12.103,2.066,4.11, -    ,1.177, -    ,,2.322,1928250,12.042,1928250,12.042,192,64,12
1423,B,Salem,Roanoke City,13th Street/ Hollins Road Improvements,x,x,0.56,1.48,3.68,3.29, -    , -    ,1.161,2.75,3.64,3.391, -    , -    ,6.844,2.319,59912120,0.387,37554391,0.617,193,321,42
1326,C,Staunton,Harrisonburg City,I-81 Exit 247 Bridge and Interchange Improvements,x,x,1.49, -    ,1.19,0.48, -    , -    ,5.177,2.652,3.909,3.548,17.426,0.063,,2.315,49094850,0.471,30767472,0.752,194,300,34
1268,D,Staunton,Augusta County,Interstate 81 Exit 235 Access Improvements,x,x, -    , -    ,0.73,1.28, -    , -    , -    , -    ,3.879,8.575, -    ,0.016,,2.297,1787244,12.855,787244,29.184,195,35,6
1475,C,Richmond,Colonial Heights City,Boulevard Modernization Project,x,x,0.36,0,12.17,0.97,1.002,1.02,1.248,0.852,3.299,0.528,0.14,1.068,,2.281,62989600,0.362,62989600,0.362,196,349,69
1687,D,Bristol,Washington County,Widen US 11 between BVU to Exit 13,x,x,0.11,0.2,9.92,1.25,0.294,0.27,0.232,0.264,3.842,1.373,0.306,0.471,,2.28,116473000,0.196,116473000,0.196,197,380,33
1124,A,NOVA,Loudoun County,Crosstrail Boulevard (Kincaid Blvd to Russell Branch Pkwy),x,x,0.74,1.11, -    , -    ,0.002,0.002,0.04,0.046,3.257, -    , -    ,4.353,8.262,2.278,42124250,0.541,40124250,0.568,198,326,54
1398,B,Culpeper,Charlottesville-Albemarle Metropolitan Planning Organization,Exit 118 WB I64/NB Route29,x,,1.07, -    , -    , -    ,0.1,0.101, -    , -    ,3.777,0.355,8.458,0.001,15.876,2.258,2900000,7.784,2900000,7.784,199,97,6
1078,B,Richmond,Chesterfield County,Route 1 (Marina Dr. to Merriewood Rd.) Sidewalk,x,x,0.19,0,5.08,2.01,0.904,0.902,0.202,0.23,3.199,2.09,2.313,0.056,7.276,2.159,2082640,10.367,2082640,10.367,200,73,14
1310,B,Salem,Roanoke County,"Plantation Road Bicycle, Pedestrian and Streetscape Phase II",x,x,0.15, -    ,0.18,0.3,0.006,0.005,0.154,0.176,3.615,11.013, -    ,0.02,5.764,2.157,1752210,12.309,1752210,12.309,201,63,11
1610,C,Staunton,Win-Fred Metropolitan Planning Organization,I-81 Exit 315 Northbound Deceleration Lane Extension,x,, -    ,0.17, -    , -    ,0.031,0.031, -    ,12.781,2.904, -    ,26.152, -    ,,2.111,643134,32.82,643134,32.82,202,30,5
1158,C,Staunton,Harrisonburg City,Mt. Clinton Pike Road Improvements,x,x,0.15,0.34,4.58,5.7,0.035,0.033,0.534,0.455,3.525,3.552, -    ,0.018,,2.089,9761750,2.139,8261750,2.528,203,198,22
1603,D,Bristol,Bristol City,US 11 Widening Phase 3 Alexis to Old Airport Road,x,x,0.21,0.47,3.77,1.52,0.135,0.125,0.715,0.611,3.417,4.407,0.424,0.248,,2.039,21242000,0.96,21242000,0.96,204,283,11
1164,B,Richmond,Richmond Regional Transportation Planning Organization,Rte. 288 ITS Improvements - Phase 1 (Goochland and Powhatan),x,, -    , -    ,12.1,0.13, -    , -    , -    , -    ,3.359,4.96, -    ,1.282, -    ,2.037,7610020,2.677,7610020,2.677,205,190,43
1686,D,Bristol,Washington County,Widen US 11 between US 58 to Enterprise Rd (SR 704),x,x, -    ,0,6.62,2.44, -    , -    , -    , -    ,3.432,2.324,0.116,0.1,,2.034,28754000,0.707,28754000,0.707,206,309,16
1366,A,Fredericksburg,George Washington Regional Commission,New Commuter Parking Lot for Route 3 East (Stafford),x,,0.46,0.6,1.97,0.01,0.781,0.786,1.6,8.439,1.482, -    ,0.201, -    , -    ,0.929,6750000,1.376,4983170,1.864,279,236,13
1077,B,Richmond,Chesterfield County,Centralia at Old Wrexham and Holly Trace Left Turn Lanes,,x,0.1,0,1.26,1.21, -    , -    ,0.198,0.225,3.127,4.182, -    ,0.022,10.405,1.976,6500000,3.039,6500000,3.039,208,178,40
1060,D,Richmond,Amelia County,Route 38 & 614 Sidewalk and Roundabout Project,,x,0.05,0.05,0.97,10.72,0.242,0.239,0.053,0.06,3.313,0.019, -    ,0.001,,1.963,5747510,3.416,5747510,3.416,209,165,34
1590,D,Bristol,Scott County,Route 58 Climbing Lane (Complete),x,x, -    , -    ,7.49,4.45, -    , -    , -    , -    ,3.294, -    , -    ,0.054,,1.959,37911000,0.517,37911000,0.517,210,332,21
1312,B,Salem,Roanoke County,West Main Street Sidewalk,x,x,0.31, -    ,1.13,0.19,0.409,0.394,0.324,0.369,2.825,10.952, -    , -    ,2.279,1.954,1036699,18.846,902699,21.643,211,44,7
1247,D,Staunton,Lexington City,Lexington North Main Street Complete Streets Entry Corridor,,x,0.14, -    ,0.49,0.38, -    , -    ,0.294,0.334,2.65,7.88, -    , -    ,,1.949,2845560,6.85,2845560,6.85,212,112,15
1372,B,Richmond,Ashland Town,RTE 1 ARBOR OAK TO ASHCAKE,x,x,0.17,0,0.68,0.6,0.214,0.204,0.175,0.2,3.208,10.323,1.996,0.027,2.615,1.943,8800000,2.208,8228528,2.362,213,202,46
1011,B,Richmond,Richmond City,A - Gillies Creek Greenway,x,x,0.39, -    ,2.19,3.44,0.123,0.123,0.816,0.929,2.954, -    , -    , -    ,10.899,1.942,6318940,3.073,6318940,3.073,214,177,39
1302,A,NOVA,Prince William County,University Boulevard Extension,x,x,1.03,1.35, -    , -    ,0.035,0.036,0.325,0.37,3.054, -    , -    , -    ,6.072,1.937,47000000,0.412,37545392,0.516,215,333,55
1318,B,Richmond,Chesterfield County,Cogbill/Hopkins/Chippenham - Park and Ride Lot,x,x,0.39,0.96,1.97,0,0.987,1,1.35,4.386,3.248,0.179,0.388, -    ,9.422,1.924,2945000,6.535,2945000,6.535,216,115,21
1294,B,Richmond,Chesterfield County,Park and Ride Lot - US 360 at Chital Drive,x,x,0.36,1.12,0.88,0.01,1.057,1.071,0.998,0.532,3.193,4.948,0.145, -    ,6.433,1.891,1575000,12.004,1575000,12.004,217,65,11
1239,A,NOVA,Loudoun County,Atlantic Boulevard Pedestrian Improvements,,x,0.44, -    ,3.59,1.11,0.508,0.491,0.913,1.039,3.096, -    , -    , -    ,6.769,1.865,5428532,3.435,5367532,3.474,218,162,27
1616,D,Bristol,Cumberland Plateau Planning District Commission,Coalfields Expressway Rte 121/460 Poplar Creek Phase B,x,,1.64,1.88,9.32,0.18, -    , -    ,0.525,0.444,2.525, -    , -    ,1.358,,1.861,214265000,0.087,214265000,0.087,219,389,37
1049,B,Salem,Roanoke Valley Transportation Planning Organization,220 Expressway Acceleration Lane Improvement,x,, -    , -    ,0.06,0.11,0.042,0.043, -    , -    ,3.114,0.875,6.07,0.007,13.177,1.847,2020290,9.14,2020290,9.14,220,84,17
1397,D,Staunton,Rockingham County,Rt. 682 Friedens Church Road Intersection Realignment,,x, -    ,0,0.78,10.44,0,0, -    , -    ,3.095, -    ,0.062, -    ,,1.842,1616434,11.395,1116434,16.498,221,54,8
1052,D,Salem,Henry County,Virginia Avenue (US220 Bus) Pedestrian Safety Accommodation,,x,0.15, -    ,5.36,5.39, -    , -    ,0.155,0.176,3.17, -    , -    , -    ,,1.791,639915,27.986,639915,27.986,222,37,6
1086,B,Richmond,Chesterfield County,Courthouse Road Trail (Salem Church Rd to Courts Complex Rd),x,x,0.06, -    ,0.72,1.39,0.091,0.091,0.129,0.146,2.873,7.254, -    , -    ,5.286,1.79,1200000,14.917,1200000,14.917,223,59,10
1620,D,Bristol,Bristol City,Intersection Improvements to US 11 at Old Airport Road,x,x, -    ,3.23,1.32,1.99,0.251,0.259, -    , -    ,3,4.407,0.269,0.013,,1.784,3279000,5.441,3279000,5.441,224,133,2
1342,B,Salem,Salem City,UPC 106710 - East Main Street Route 460 Phase II,x,x,0.08, -    ,0.46,0.68,0.012,0.013,0.266,0.227,2.996,4.347,0.582,0.007,9.404,1.781,11509800,1.548,11509800,1.548,225,253,34
1452,C,Salem,Radford City,Tyler Avenue (Rt. 177) - East Main St. (Rt. 11)  Connector,x,x,11.94,8.49, -    , -    , -    , -    ,0.499,0.568,2.401,0.299, -    , -    ,,1.751,26493490,0.661,23006300,0.761,226,298,39
1087,D,Lynchburg,Prince Edward County,US 460/VA 626 Intersection (Prospect),x,x, -    , -    ,1.81,8.84, -    , -    , -    , -    ,2.587, -    , -    ,0,,1.728,216955,79.626,216955,79.626,227,9,2
1685,D,Bristol,Wise County,Innovation Highway,,x,6.49,8.43,4.33,0.18,0.25,0.254, -    , -    ,2.756, -    , -    ,0.787,,1.644,77749000,0.212,77749000,0.212,228,374,32
1297,C,Staunton,Staunton-Augusta-Waynesboro Metropolitan Planning Organization,Waynesboro Towne Center Park & Ride,x,,0.15,0.23,0.88,0,0.661,0.645,0.533,4.869,2.725,6.182,0.215, -    ,,1.614,2197260,7.347,2197260,7.347,229,102,14
1362,A,Hampton Roads,Williamsburg City,Capitol Landing Road at Bypass Road Intersection,x,x,0.85,0.81,2.07,7, -    , -    ,0.184,0.094,2.373,2.396, -    , -    ,3.942,1.591,2144760,7.418,2144760,7.418,230,100,19
1028,C,Culpeper,Fauquier County,Rt 28 & Schoolhouse Road (Rt 661) Intersection Improvements,x,x, -    ,0,1.28,9.13, -    , -    , -    , -    ,2.577,1.04, -    , -    ,,1.586,5150000,3.08,5150000,3.08,231,176,16
1406,B,Culpeper,Albemarle County,US 250/Radford Lane Roundabout,x,x,1.3,1.39,1.95,5.07, -    , -    ,0.151,0.171,2.658,0.151, -    ,0.004,5.044,1.576,7250000,2.174,7250000,2.174,232,209,17
1036,A,Hampton Roads,Newport News City,Warwick Blvd. Widening - Nettles Drive to Oyster Point Road,x,x,0.9,3.45,8.22,0.87,0.336,0.342,3.136,1.606,2.61, -    ,0.336,0.867, -    ,1.565,47420000,0.33,47420000,0.33,233,354,43
1207,A,NOVA,Loudoun County,Lockridge Road (Old Ox Rd to Prentice Dr),x,x,0.12, -    ,1.28,3.97,0.088,0.089,0.242,0.276,2.629,20.259, -    ,0.004,3.153,1.559,24891900,0.626,24891900,0.626,234,318,52
1625,C,Staunton,Win-Fred Metropolitan Planning Organization,I-81 Exit 313 Interchange Improvement,x,,0.13,1.5,2.72,0.85,0.41,0.403,0.277,1.778,1.09,4.382,1.645,0.133,,1.554,39371000,0.395,37342969,0.416,235,344,37
1361,A,Hampton Roads,Williamsburg City,Ironbound Road Phase 3,x,x,0.12,0,0.68,1.06,0.049,0.048,0.408,0.348,2.534,4.591, -    ,0.022,5.74,1.518,3312400,4.584,3312400,4.584,236,140,24
1136,D,Lynchburg,Halifax County,US 501/Route 628 Intersection,,x, -    ,0,0.64,8.41,0.014,0.014, -    ,0.221,2.556, -    ,0.27,0,,1.517,4192840,3.618,4192840,3.618,237,156,9
1267,C,Culpeper,Warrenton Town,Broadview Avenue Access Management Improvements,x,x,0.32, -    ,5.93,1.08, -    , -    ,0.658,0.749,2.355,2.595, -    ,0.213,,1.488,4640000,3.207,2590000,5.746,238,128,11
1479,C,Richmond,Hopewell City,Courthouse Road Improvements,,x,0.1,0,6.33,3.27,0.102,0.104,0.35,0.299,2.439,0.596,0.139,0.075,,1.483,11930100,1.243,11930100,1.243,239,267,61
1327,C,Staunton,Harrisonburg City,I-81 Exit 247 Interchange Improvements,x,x, -    , -    ,0.09,0.05,0.035,0.036, -    , -    ,2.463,3.007,17.12,0.064,,1.458,6708150,2.174,6708150,2.174,240,208,25
1159,C,Staunton,Harrisonburg City,Erickson Avenue Phase 4,x,x,0.13,1.04,2.68,1.28,0.392,0.292,0.435,0.371,2.46,4.196,0.188, -    ,,1.458,9099546,1.602,7064520,2.064,241,221,29
1596,D,Bristol,Abingdon Town,French Moore Jr. Boulevard Extension,x,x,9.05,11.69, -    , -    ,0.283,0.293,0.038,0.043,2.416,1.059, -    ,0.433,,1.448,36701000,0.395,36701000,0.395,242,346,23
1173,A,Hampton Roads,Williamsburg Area Transit Authority (WATA),Bus Expansion & Three Expansion Bus Shelters,x,,1.04,0.54,5.1, -    , -    , -    ,3.59,1.839,2.56, -    ,16.811, -    ,1.7,1.446,334058,43.283,334058,43.283,243,22,8
1380,C,Culpeper,Warrenton Town,Improve Intersection of Frost w/Broadview-W.Shirley Avenues,x,x,0.87,7.54,1.96,1.47,0.093,0.089,1.819,2.07,2.102,0.244,0.363,0.129,,1.44,4000002,3.6,2823880,5.1,244,135,12
1180,A,Fredericksburg,Stafford County,"1.	Stafford - Route 1/Enon Road Intersection and Roadway IMP",x,x,0.09,2.04,0.82,0.5,0.756,0.769,0.311,0.186,2.398,0.06,0.693,0.075,3.381,1.427,10100000,1.413,9698532,1.471,245,257,14
1401,B,Richmond,New Kent County,Route 106 at I-64 Overpass and Intersection Improvements,x,x,1.82,2.81, -    , -    ,0.011,0.011, -    , -    ,2.379,6.888,0.204,0.002,1.076,1.41,11630600,1.213,11630600,1.213,246,269,62
1169,B,Salem,Vinton Town,Walnut Avenue Improvement Project,,x,0.18, -    ,0.5,0.9,0.038,0.038,0.381,0.434,2.043,0.128, -    , -    ,10.826,1.402,2796830,5.013,2796830,5.013,247,136,22
1677,D,Bristol,Scott County,Moccasin Gap Bypass,x,x,10.38,13.47, -    , -    ,0.785,0.82, -    , -    ,1.373, -    , -    ,0.499,,1.391,46811000,0.297,46811000,0.297,248,360,28
1018,B,Richmond,Richmond City,L James River Branch - Rail to Trail Greenway,x,x,0.31, -    , -    , -    ,0.049,0.05,0.654,0.837,2.312, -    , -    , -    ,11.515,1.375,8127120,1.692,8127120,1.692,249,242,56
1093,B,Richmond,Chesterfield County,"Elkhardt Road - Roadway, Pedestrian, and Bike Improvements",x,x,0.05, -    ,0.49,2.62,0.012,0.012,0.101,0.115,2.29,2.625, -    , -    ,6.017,1.359,4110000,3.306,2948480,4.609,250,139,27
1295,A,NOVA,Prince William County,Neabsco Mills Road Widening,x,x,1.58,1.01,2.31,0.63,3.281,3.331,1.227,1.397,2.136,0.584,0.685,0.247, -    ,1.292,28254600,0.457,11967900,1.08,251,275,44
1292,A,NOVA,Prince William County,Route 15 Improvement with Railroad Overpass,x,x,0.23,0.08,5.17,2.27,0.156,0.157,0.474,0.539,1.615,1.705, -    ,0.107,4.141,1.276,53939800,0.237,47548800,0.268,252,365,57
1114,A,Hampton Roads,Suffolk City,Seaboard Coastline Trail,x,x,0.33, -    ,1.49,0,0.197,0.196,1.132,1.257,1.695,0.079, -    , -    ,4.762,1.271,10760300,1.181,10610300,1.198,253,270,29
1155,D,Lynchburg,Halifax County,Route 751 Improvements,,x, -    ,0,1.64,5.98,0.026,0.026, -    ,0.007,2.113, -    , -    , -    ,,1.253,7344450,1.705,7344450,1.705,254,241,16
1391,C,Staunton,Staunton-Augusta-Waynesboro Metropolitan Planning Organization,VA 613/ VA 262 Diamond Interchange,x,, -    ,0.05,3.8,4.91, -    , -    , -    , -    ,1.99, -    , -    ,0.02,,1.194,54445260,0.219,50091633,0.238,255,370,39
1645,D,Bristol,Smyth County,US 11 at Railroad Drive Intersection Improvements,x,x, -    ,0,0.82,6.43,0,0, -    , -    ,1.995, -    , -    ,0.001,,1.188,2783000,4.268,2783000,4.268,256,144,3
1356,C,Culpeper,Orange County,Route 601 Low-Speed Curve Realignment #2,,x, -    , -    ,0.55,8.05, -    , -    , -    , -    ,1.915, -    , -    , -    ,,1.17,1400000,8.36,1400000,8.36,257,95,5
1306,A,NOVA,Prince William County,Wellington Road Widening from Devlin Road to Rt. 234 bypass,x,x,0.22,2.62,9.49,0.79,1.125,1.136,0.459,0.522,1.62, -    ,1.265, -    , -    ,1.165,87141500,0.134,87141500,0.134,258,385,58
1325,B,Richmond,Henrico County,Parham Road Pedestrian and Transit Stop Improvements,x,x,0.97,0,1.56,0.02,0.34,0.348,3.377,1.73,1.883, -    ,2.919, -    ,3.876,1.153,500000,23.063,425000,27.133,259,39,6
1289,B,Richmond,Chesterfield County,Woolridge & Otterdale Widening,,x,0.37, -    ,1.31,0.47,0.691,0.704,0.385,0.439,1.933,2.857, -    , -    ,3.26,1.152,30450000,0.378,3450000,3.338,260,169,36
1637,D,Bristol,Washington County,Widen US 11 between Highlands Shopping Center to BVU,x,x,0.11,0.05,2.5,1.83,0.014,0.015,0.222,0.252,1.879,1.708,0.149,0.056,,1.144,42738000,0.268,40267308,0.284,261,363,29
1285,B,Richmond,Chesterfield County,Hicks Road (Mt. Gilead-Cardiff Lane) Reconstruction,,x, -    ,0,1.07,1.62,0.084,0.086, -    , -    ,1.931,2.048, -    ,0.003,5.163,1.144,3151770,3.629,1144990,9.99,262,78,16
1254,B,Richmond,Chesterfield County,Deer Run Sidewalk,,x,0.05, -    ,1.52,1.28,0.068,0.069,0.048,0.054,1.868,1.872, -    , -    ,4.873,1.107,2871250,3.857,2871250,3.857,263,149,31
1281,C,Lynchburg,Campbell County,"Route 622, Lynbrook Road",x,x, -    ,0,4.37,2.05,0.123,0.126, -    , -    ,1.826,1.136,0.089,0.027,,1.094,11029047,0.992,8129050,1.346,264,262,19
1308,B,Richmond,Chesterfield County,Arch Road Roundabout,,x, -    ,0.16, -    , -    ,0.144,0.146, -    , -    ,1.833,1.485, -    ,0.007,7.814,1.092,4533650,2.41,1943650,5.621,265,131,25
1740,C,Richmond,Petersburg City,I-95 and South Crater Road-MPO HB2  Priority #2,x,x, -    ,0.07,0.24,0.21, -    , -    , -    , -    ,1.459,6.211,0.298,0.008,,1.083,10492110,1.032,10292110,1.052,266,276,63
1472,C,Richmond,Tri-Cities Area Metropolitan Planning Organization,I-95 and South Crater Road - MPO HB2 Priority 2,x,, -    ,0.07,0.24,0.21, -    , -    , -    , -    ,1.459,6.211,0.298,0.008,,1.083,10492100,1.032,10492100,1.032,266,278,64
1094,B,Richmond,Chesterfield County,Ecoff Avenue - Road and Pedestrian Improvements,x,x,0.03,0,0.18,0.53,0.036,0.038,0.027,0.031,1.665,1.217,0.024, -    ,7.652,1.079,3780000,2.854,2553620,4.225,268,145,29
1217,A,Hampton Roads,York County,Route 171 Widening between Route 134 and Big Bethel Road,x,x,0.59,1.86,4.05,0.01,0.697,0.704,2.042,2.266,1.767,2.276,0.27,0.619, -    ,1.076,19032460,0.565,17177460,0.626,269,319,36
1160,C,Culpeper,Louisa County,Route 15-33 Intersection Improvements,,x,0.61,0.22,1.22,5.81, -    , -    ,0.031,0.619,1.791, -    , -    ,0.002,,1.062,5600000,1.897,5600000,1.897,270,232,21
1457,C,Salem,New River Valley Metropolitan Planning Organization,I-81/Route 8 (Exit 114) Interchange Reconstruction,x,,2.43,3.61,0.79,0,0.069,0.073,1.327,5.917,1.744, -    ,0.409,0.102,,1.041,17399700,0.598,17399700,0.598,271,323,43
1161,C,Culpeper,Louisa County,Route 15-22 Intersection Improvements,,x, -    , -    ,2.37,5.32, -    , -    , -    , -    ,1.59, -    , -    ,0.004,,1.041,8500000,1.225,8500000,1.225,272,268,24
1291,B,Salem,Botetourt County,Exit 150 Park and Ride,x,x,0.38,0.42,1.07,0,1.266,1.282,1.313,6.082,1.68,0.429,0.173, -    ,0.683,1.001,7731930,1.295,7731930,1.295,273,265,37
1142,D,Lynchburg,Halifax County,US 58/Route 751 Intersection,,x, -    ,0,0.91,4.95, -    , -    , -    ,0.609,1.669, -    , -    ,0.001,,0.993,7193810,1.381,7193810,1.381,274,261,18
1091,B,Richmond,Chesterfield County,Hopkins Road Sidewalk (Bonniebank Road to S. Melody Road),x,x,0.1, -    ,0.91,1.27,0.08,0.08,0.1,0.114,1.665,1.016, -    ,0.038,5.307,0.989,967200,10.227,340200,29.075,275,36,5
1556,B,Salem,Greater Roanoke Transit Company,GRTC's Automatic Vehicle Locator/Real-Time Project,x,,0.7,2.72, -    , -    , -    , -    ,2.41,1.235,1.718, -    , -    , -    ,4.462,0.971,1904000,5.098,1604000,6.052,276,123,21
1347,D,Lynchburg,Danville Metropolitan Planning Organization,Mt. Cross Rd./Whitmell School Rd. Intersection Improvements,x,, -    ,0.01,0.41,5.35, -    , -    , -    , -    ,1.679, -    , -    , -    ,,0.949,1083900,8.752,1083900,8.752,277,88,4
1395,D,Hampton Roads,Accomack County,Route 13 Industrial Park Traffic Light,,x, -    ,0.04,1.07,0.67, -    , -    , -    ,0.731,1.572,2.691, -    ,0.017,,0.944,846676,11.144,846676,11.144,278,69,17
1009,D,Fredericksburg,King William County,Park and Ride,,x,0.05,0,0.47,0, -    , -    ,0.131,0.056,0.149, -    ,0.019, -    ,,0.089,614000,1.448,614000,1.448,385,259,15
1100,D,Bristol,Buchanan County,Route 83 Shoulder Improvements - Segment 2,,x, -    ,0,2.02,3.62,0.004,0.003, -    , -    ,1.56, -    , -    ,0.009,,0.925,15564000,0.594,15564000,0.594,280,324,19
1644,D,Bristol,Smyth County,I-81 Exit 35 (State Route 107) Interchange Modifications,x,x, -    ,0.58,0.18,0.44,0.297,0.315, -    , -    ,1.254,3.328, -    ,0.011,,0.921,2516000,3.659,2516000,3.659,281,154,5
1408,B,Culpeper,Albemarle County,Rio Mills Rd/Berkmar Dr Extended Connection,x,x,0.07,0.06,0.7,0.04, -    , -    ,0.024,0.028,1.528,4.529, -    ,2.29,1.167,0.915,3800000,2.407,1315810,6.95,282,108,7
1646,D,Bristol,Smyth County,US 11 at SR 107 Intersection Improvements (No Radius),x,x, -    ,0.52,0.14,0.61,0.047,0.051, -    , -    ,1.242,3.328, -    ,0.008,,0.905,2347000,3.857,2347000,3.857,283,148,4
1647,D,Bristol,Smyth County,US 11 at SR 107 Intersection Improvements (with Radius),x,x, -    ,0.52,0.14,0.61,0.047,0.051, -    , -    ,1.242,3.328, -    ,0.008,,0.905,3042000,2.976,3042000,2.976,283,180,6
1489,D,Hampton Roads,Surry County,Intersection of Colonial Trail East and Route 617,,x, -    ,0,1.46,4, -    , -    , -    , -    ,1.431, -    , -    , -    ,,0.89,6017450,1.479,6017450,1.479,285,255,28
1689,D,Bristol,Big Stone Gap Town,Gilley Avenue Corridor Safety Improvements,,x, -    ,0,1.38,3.98,0.04,0.04, -    , -    ,1.416, -    , -    , -    ,,0.88,3330000,2.642,3330000,2.642,286,192,7
1704,D,Bristol,Russell County,Route 80 Project 3,,x, -    , -    ,3.04,2.32,0.014,0.015, -    , -    ,1.334, -    , -    ,0.022,,0.874,12517000,0.698,12517000,0.698,287,311,17
1261,D,Lynchburg,Altavista Town,Lynch Mill / Clarion Road Intersection Improvements,x,x, -    ,0.02,0.49,4.69,0.042,0.044, -    , -    ,1.465, -    ,0.196, -    ,,0.87,5432190,1.602,5432190,1.602,288,248,17
1129,D,Salem,Galax City,E. Stuart Drive Sidewalk Project,x,x,0.16, -    ,3.06,0.44, -    , -    ,0.164,0.186,1.457,1.161, -    , -    ,,0.863,2542940,3.393,2542940,3.393,289,167,23
1166,A,Hampton Roads,Chesapeake City,Elbow Road Phase II Roadway Improvements,,x,0.13, -    ,10.65,2.81,1.242,1.265,0.14,0.159,0.99, -    , -    ,0.035,1.36,0.851,18703100,0.455,18703100,0.455,290,340,41
1157,C,Salem,Pulaski County,Route 11 Traffic Improvements Project - Pulaski County,x,x,0.17,0.3,2.94,0.78, -    , -    ,0.596,0.305,1.137,1.533, -    ,0.329,,0.849,4485700,1.892,4485700,1.892,291,233,32
1035,A,Hampton Roads,Newport News City,Jefferson Avenue Widening Kings Ridge to Industrial Park,x,x,0.42,0.65,14.1,2.84,0.059,0.061,1.448,1.386,1.114, -    ,0.263,0.443, -    ,0.847,25000000,0.339,25000000,0.339,292,353,42
1037,A,Hampton Roads,Newport News City,Harpersville Rd/Saunders Rd. Widening Rt. 17 to City Line,x,x,1.09,0.99,4.2,1.74,0.526,0.546,0.939,0.801,1.304, -    ,0.358,0.074, -    ,0.818,75700000,0.108,75700000,0.108,293,387,49
1433,D,Staunton,Warren County,Rte. 55 East/John Marshall Highway,x,x,0.04, -    ,3.93,0.74,0.134,0.134,0.037,0.042,1.106, -    ,0.303,0.086,,0.804,31577900,0.255,31577900,0.255,294,367,38
1731,D,Bristol,Marion Town,US 11 at SR 16 Intersection Improvements,x,x,0.13,0.02,1.19,3.64, -    , -    ,0.136,0.154,1.125, -    , -    ,0.022,,0.8,942000,8.497,942000,8.497,295,91,1
1510,D,Staunton,Luray Town,West Main Street Intersection Improvements,,x,1.16,2.31,0.9,2.44, -    , -    ,0.06,0.069,1.286,0.225, -    ,0.006,,0.791,2871596,2.756,1338559,5.912,296,125,17
1611,D,Lynchburg,South Boston Town,Hamiltion Blvd. Corridor Improvements,,x,0.06,0,3.29,1.4, -    , -    ,0.066,0.075,1.301, -    , -    ,0.053,,0.781,26558000,0.294,26558000,0.294,297,361,25
1099,D,Bristol,Buchanan County,Route 83 Shoulder Improvements - Segment 1,,x, -    ,0,1.49,3.18,0.004,0.004, -    , -    ,1.363, -    , -    ,0.006,,0.77,23881000,0.323,23881000,0.323,298,355,25
1602,D,Bristol,Abingdon Town,Widen US 11 between Hillman Hwy and Empire Dr,x,x,0.15,0.1,0.73,0.34,0.221,0.232,0.153,0.174,1.252,2.12,0.338,0.042,,0.747,13367000,0.559,13367000,0.559,299,327,20
1485,C,Richmond,Tri-Cities Area Metropolitan Planning Organization,I-95 NB to I-85 SB Flyover Ramp - Tri-Cities MPO Priority 3,x,, -    , -    ,1.55,0.65, -    , -    , -    , -    ,0.741,0.717,6.337,0.029,,0.738,118892000,0.062,118892000,0.062,300,391,72
1097,B,Richmond,Chesterfield County,McRae Road and Rockaway Road - Sidewalk,,x,0.08, -    ,0.79,1.28,0.035,0.035,0.082,0.094,1.191, -    , -    , -    ,4.436,0.732,3149998,2.325,2124350,3.448,301,164,33
1032,C,Culpeper,Fauquier County,Route 29 NB Corridor Safety Improvements,x,x, -    , -    ,3.06,1.77, -    , -    , -    , -    ,0.993,0.507, -    ,0.031,,0.731,6700000,1.091,6700000,1.091,302,274,25
1409,C,Staunton,Win-Fred Metropolitan Planning Organization,Valley Pike/Shawnee Drive Intersection Improvements,x,,0.15, -    ,0.5,0.74, -    , -    ,0.158,0.179,0.973,3.265, -    ,0.02,,0.722,4227098,1.709,4141789,1.744,303,239,32
1461,C,Salem,Christiansburg Town,N. Franklin Street - Depot Street Intersection Upgrade,x,x,0.24,0.53,1.93,1.07,0.098,0.101,0.253,0.288,1.169,1.096,0.097,0.087,,0.712,2887320,2.465,2887320,2.465,304,200,27
1355,C,Culpeper,Orange County,Route 601 Low-Speed Curve Realignment #1,,x, -    , -    ,0.27,4.37, -    , -    , -    , -    ,1.095,0.487, -    , -    ,,0.708,3500000,2.023,3500000,2.023,305,224,19
1490,C,Culpeper,Orange County,Route 522 / Route 20 Roundabout,,x,0.21, -    ,4.35,0.08, -    , -    ,0.739,0.505,1.164, -    ,0.038,0.043,,0.694,8200000,0.847,8200000,0.847,306,293,27
1451,D,Richmond,Dinwiddie County,Route 1 & Courthouse Rd. (Rt. 627) Intersection Realignment,,x,0.03,0,0.27,2.96,0.001,0.001,0.03,0.035,0.949,0.732, -    , -    ,,0.691,921876,7.495,921876,7.495,307,99,19
1083,A,Hampton Roads,Suffolk City,Shoulders Hill Road Widening,x,x,0.19,0.07,2.92,0.91,0.083,0.085,0.656,0.56,1.125,0.51, -    ,0.05,1.997,0.684,45790500,0.149,45790500,0.149,308,384,48
1264,C,Culpeper,Culpeper County,Rt. 663/Stevensburg Rd. Shoulder & Safety Improvements,,x, -    , -    ,1.81,3.04,0.037,0.037, -    , -    ,0.831, -    ,0.067, -    ,,0.659,15000000,0.439,15000000,0.439,309,341,33
1209,C,Salem,Bedford County,Right turn lane northbound Route 811 at Route 622.,,x, -    ,0.13,0.5,1.92,0.087,0.089, -    , -    ,1.096,1.684,0.32, -    ,,0.654,321404,20.34,321404,20.34,310,48,9
1288,B,Richmond,Chesterfield County,Robious Road (James River Rd. to county line) Widening,,x,0.21,0.06,0.91,0.42,0.273,0.271,0.429,0.488,1.058,0.106, -    ,0.024,3.316,0.652,7617550,0.856,4327350,1.506,311,254,60
1065,A,Hampton Roads,Chesapeake City,Freeman Avenue/Norfolk Portsmouth Beltline Overpass,x,x,0.03, -    ,0.3,0.9, -    , -    ,0.099,0.051,1.065, -    , -    , -    ,2.725,0.64,26260000,0.244,26210000,0.244,312,369,45
1358,C,Lynchburg,Nelson County,Route 6/151 Intersection,,x, -    ,0,1,3.71, -    , -    , -    , -    ,0.931, -    , -    ,0.002,,0.636,5114560,1.244,5114560,1.244,313,266,20
1551,C,Culpeper,Fauquier County,Rogues Road Sections 1-4,,x, -    ,0,2.56,1.03,0.162,0.162, -    , -    ,0.926,0.602, -    ,0.336,,0.634,18140010,0.35,13663540,0.464,314,338,32
1441,D,Bristol,Bluefield Town,State Route 746 Extension to College Avenue,,x,4.96,6.43, -    , -    , -    , -    , -    , -    ,1.05, -    , -    , -    ,,0.622,3941490,1.578,3941490,1.578,315,250,10
1448,D,Lynchburg,Amherst County,Route 29/151 Safety Improvement,x,x, -    , -    ,2.01,1.72, -    , -    , -    , -    ,1.086, -    , -    ,0.003,,0.614,195489,31.396,195489,31.396,316,32,3
1417,D,Lynchburg,Farmville Town,South Main/Milnwood Road Intersection Safety Improvements,x,x,0.18,0.04,0.87,1.66,0.002,0.002,0.184,0.21,1.026,0.718, -    ,0.007,,0.608,3719187,1.636,3480981,1.748,317,238,15
1387,B,Culpeper,Charlottesville-Albemarle Metropolitan Planning Organization,Interstate 64 - Exit 118,x,, -    , -    ,1.34,0.95,0.12,0.119, -    , -    ,1.004,0.355,6.278,0.009, -    ,0.597,6775000,0.881,6775000,0.881,318,288,26
1237,C,Culpeper,Culpeper County,Rt. 229 & Rt. 640 Intersection Improvements,,x, -    ,0,0.46,3.88,0,0, -    , -    ,0.997, -    , -    ,0,,0.592,4550000,1.301,4550000,1.301,319,264,23
1511,C,Salem,Montgomery County,Prices Fork/ Peppers Ferry Intersection,x,x,0.09,0.97,1.06,1.61,0.402,0.397,0.096,0.11,0.972,0.145,0.027,0.014,,0.577,3990160,1.446,3990160,1.446,320,260,35
1258,D,Richmond,Blackstone Town,South Main Street- 10th to Fair Street,,x,0.08, -    ,1.22,1.19,0.001,0.001,0.283,0.145,0.897,0.336,0.485,0.022,,0.532,3437224,1.547,3427278,1.551,321,252,59
1492,D,Lynchburg,Southside Planning District Commission,Town of Halifax,,,0.08,0.01,1.03,2.05, -    , -    ,0.081,0.092,0.809, -    , -    ,0.008,,0.516,7956050,0.648,7956050,0.648,322,316,22
1287,D,Salem,Botetourt County,Fincastle Bypass,x,x,3.42,4.43, -    , -    ,0.67,0.699, -    , -    ,0.834, -    , -    ,0.003,,0.516,10221990,0.505,10221990,0.505,323,335,44
1587,D,Bristol,Wise County,US58 at Tacoma Mountain Realignment,,x, -    , -    ,0.64,2.46,0,0, -    , -    ,0.855, -    ,0.066,0.003,,0.512,5361000,0.955,5361000,0.955,324,284,12
1194,A,Fredericksburg,Stafford County,"3.	Stafford - Butler Road Widening",x,x,0.2,0.21,17.34,4.94,0.439,0.442,0.697,0.357,4.258, -    ,0.419,0.379,10.514,3.065,28500000,1.075,25646000,1.195,158,271,16
1337,C,Culpeper,Fluvanna County,Route 600/618 Intersection Improvements,,x, -    ,0.03,1.17,2.5, -    , -    , -    , -    ,0.797, -    , -    , -    ,,0.501,3150000,1.592,3150000,1.592,326,249,22
1499,D,Lynchburg,Pittsylvania County,Route 40 and McBride Lane Intersection Improvements,x,x,0.04,0,0.09,0.55, -    , -    , -    ,0.394,0.832,1.597, -    , -    ,,0.495,7563440,0.655,7563440,0.655,327,314,21
1282,B,Richmond,Chesterfield County,Bailey Bridge Rd (Sunday Silence-Spring  Run) Realignment,x,x, -    , -    , -    , -    ,0.003,0.003, -    , -    ,0.809, -    , -    , -    ,4.382,0.479,3500000,1.369,2884793,1.661,328,245,58
1389,D,Hampton Roads,Accomack County,Route 602 Lee Street/Cemetery Road- Accomack County,,x, -    ,0,0.15,1.18,0.001,0, -    , -    ,0.801,1.138,0.008, -    ,,0.479,3992306,1.2,3086180,1.553,329,251,27
1144,A,Fredericksburg,Spotsylvania County,Widening of Smith Station Road at Courthouse Road,x,x,0.62,0.62,2.56,1.34,0.231,0.233,0.642,0.731,0.697,0.262, -    ,0.08, -    ,0.502,4975000,1.01,4975000,1.01,325,280,17
1649,D,Bristol,Washington County,Widen US 11 between Exit 13 to Abingdon Town Limits,x,x,0.1,0.04,1.58,0.73,0.22,0.215,0.198,0.226,0.785,0.058,0.183,0.059,,0.465,42820000,0.109,42820000,0.109,331,386,35
1591,D,Bristol,Lee County,Route 58 Truck Climbing Lane Phase II,x,x, -    , -    ,0.24,2.61, -    , -    , -    , -    ,0.707, -    , -    ,0.001,,0.463,5319700,0.871,5319700,0.871,332,290,14
1238,A,NOVA,Loudoun County,Historic Hillsboro’s Main Street: Gateway to Rural Loudoun,x,x,0.41, -    ,2.22,1.26, -    , -    ,0.862,1.227,0.704,0.432, -    ,0.052,0.709,0.458,16288900,0.281,7038900,0.65,333,315,51
1030,C,Culpeper,Fauquier County,Rogues Road (Rt. 602) Reconstruction,,x, -    ,0,1.7,1.06,0.077,0.076, -    , -    ,0.663,0.401, -    , -    ,,0.454,12500000,0.363,12500000,0.363,334,348,34
1262,C,Richmond,Chesterfield County,Chesterfield Avenue Reconstruction,x,x,0.02, -    ,0.37,0.34,0.028,0.028,0.037,0.042,0.662,2.112, -    , -    ,,0.449,15000000,0.299,15000000,0.299,335,359,70
1477,C,Culpeper,Louisa County,Route 22/208 Safety Improvements,,x, -    ,0.01,0.91,0.79,0.001,0.001, -    , -    ,0.754,1.207,0.28,0.008,,0.447,6200000,0.721,6200000,0.721,336,307,30
1374,D,Staunton,Rockingham County,VA 259 Mayland Road,x,x,0.08,0.04,1.19,0.88,0.07,0.073,0.167,0.19,0.741,0.04,0.746,0.023,,0.439,21675100,0.202,21675100,0.202,337,378,41
1478,C,Staunton,Frederick County,Route 277 widening and access management,x,x,0.17,0.06,1.58,0.75,0.012,0.012,0.364,0.414,0.713, -    ,0.807,0.08,,0.431,25428600,0.169,25428600,0.169,338,381,42
1053,D,Salem,Henry County,Intersection Rte 609 and Rte 683 Safety Improvements,,x, -    , -    ,0.2,2.43, -    , -    , -    , -    ,0.719, -    , -    , -    ,,0.431,430877,9.992,430877,9.992,339,77,14
1111,D,Fredericksburg,Essex County,Multi-Use Paths - Routes 17/698/1036,x,x,0.04, -    ,1.1,1.22,0.078,0.075,0.082,0.093,0.66, -    , -    ,0.05,,0.402,4678000,0.859,4678000,0.859,345,292,18
1574,D,Bristol,Wytheville Town,I77 Exit 41 Interchange Modifications,x,x, -    ,0,0.43,2.08, -    , -    , -    ,0.026,0.715, -    ,0.133,0.007,,0.423,10028000,0.422,10028000,0.422,341,343,22
1455,C,Staunton,Winchester City,Middle Road Improvements Project,x,x,0.06, -    ,0.91,0.78,0.032,0.034,0.129,0.147,0.568,1.033, -    ,0.034,,0.421,3526670,1.194,2026670,2.077,342,220,28
1631,A,NOVA,Loudoun County,Hillsboro's Historic Main Street—Traffic Calming & Sidewalks,x,x,0.41,0.06,0.76,0.47,0.082,0.082,0.862,1.227,0.643,0.341, -    ,0.043,0.712,0.42,14452000,0.29,5202000,0.807,343,295,47
1031,C,Culpeper,Fauquier County,Route 28 & Route 603/616 Roundabout,,x,0.16, -    ,0.49,2.15, -    , -    ,0.332,0.378,0.527, -    , -    ,0.005,,0.404,7420000,0.545,7420000,0.545,344,328,31
1192,A,Fredericksburg,Stafford County,"2.	Stafford - Rt.1/Eskimo Hill Rd/American Legion Rd INT IMP",x,x, -    ,0.01,0.23,0.44,0.005,0.005, -    , -    ,0.403, -    ,0.246,0.006,0.984,0.238,3670000,0.649,3250000,0.733,365,305,19
1338,B,Salem,Greater Roanoke Transit Company,Valley Metro's Maintenance Expansion Facility Project,x,,0.92,0, -    , -    , -    , -    ,3.179,1.9,0.604, -    ,1.025, -    , -    ,0.394,2377560,1.658,1877560,2.099,346,219,30
1659,D,Richmond,South Hill Town,Raleigh Avenue Extension,,x,3.04,3.94, -    , -    ,0,0,0.01,0.012,0.647, -    , -    ,0.071,,0.387,8441660,0.458,8441660,0.458,347,339,67
1444,C,Staunton,Frederick County,Papermill Road Turn Lane,x,x, -    ,1.3,0.11,0.18,0.286,0.274, -    ,1.118,0.639, -    ,2.01,0.026,,0.381,507262,7.503,507262,7.503,348,98,13
1635,D,Bristol,Washington County,US 58 ALT/US 19 Access Management Improvements,x,x, -    ,0.12,0.96,0.63,0.158,0.161, -    , -    ,0.621, -    ,0.997,0.048,,0.368,4006000,0.919,4006000,0.919,349,287,13
1272,C,Staunton,Augusta County,Wilson Complex Roundabout,x,x, -    , -    ,0.97,1.12,0.002,0.002, -    , -    ,0.493,0.428, -    , -    ,,0.351,1727222,2.034,1527222,2.301,350,203,23
1354,D,Lynchburg,Danville Metropolitan Planning Organization,Mount Cross Road/Mill Creek Road Safety Improvements,x,, -    ,0.02,0.37,1.72, -    , -    , -    , -    ,0.609, -    , -    , -    ,,0.344,982691,3.502,982691,3.502,351,161,10
1412,D,Fredericksburg,Gloucester County,George Washington Memorial Highway - Route 17 Widening,x,x,0.26,4.12,8.17,1.09,0.946,0.911,0.27,0.307,3.063,0.072,0.629,0.878,,2.018,39035500,0.517,39035500,0.517,207,331,20
1151,D,Bristol,Wise Town,US Route 23 Business (Norton Road) Reconstruction  - Phase 2,,x,0.09,0.01,0.99,0.84,0.02,0.022,0.092,0.105,0.557, -    ,0.147,0.023,,0.33,11006000,0.3,11006000,0.3,353,358,27
1154,D,Fredericksburg,Gloucester County,Pedestrian Improvements on Rte 1208 - Greate Road,x,x,0.04, -    ,0.23,0.22,0.04,0.009,0.037,0.043,0.078, -    , -    , -    ,,0.08,2120000,0.378,2120000,0.378,386,347,21
1246,A,Hampton Roads,Suffolk City,Route 17 - Crittenden Road Intersection Realignment,x,x,0.03,0.09,0.73,0.88,0.07,0.07,0.03,0.035,0.536, -    ,0.23, -    ,1.06,0.319,4252720,0.75,4252720,0.75,355,302,35
1458,C,Richmond,Hopewell City,Cedar Level Road Southern Segment,,x,0.1,0,0.79,0.85,0.039,0.04,0.217,0.247,0.485,0.261,0.035,0.019,,0.311,11914400,0.261,11914400,0.261,356,366,71
1638,D,Bristol,Tazewell Town,Market St and East Riverside Dr Intersection Improvements,,x, -    ,0,0.32,1.59,0,0, -    , -    ,0.423, -    , -    ,0.007,,0.307,4113000,0.748,4113000,0.748,357,303,15
1357,C,Lynchburg,Nelson County,Route 29 Access Management,,x, -    ,0,0.08,0.41,0,0, -    ,1.973,0.508, -    ,2.311, -    ,,0.301,1467040,2.052,1467040,2.052,358,222,13
1633,D,Bristol,Abingdon Town,US 11 at US 19 Intersection Improvements,x,x, -    ,1.85,0.16,0.32,0.707,0.703, -    , -    ,0.492, -    ,0.259,0.012,,0.294,1704000,1.727,1704000,1.727,359,240,9
1454,C,Staunton,Winchester City,Museum of the Shenandoah Valley Trails,x,x,0.53, -    , -    , -    , -    , -    ,1.107,1.26,0.353,0.713, -    , -    ,,0.283,3167770,0.893,1495270,1.892,360,234,31
1684,C,Salem,Montgomery County,Route 8 Widening and Pedestrian Improvements,x,x,0.07,0.01,0.38,1.43,0.037,0.04,0.069,0.078,0.452, -    ,0.192,0.008,,0.279,2089780,1.337,2089780,1.337,361,263,36
1688,C,Salem,Montgomery County,Intersection Improvements at Route 460/637,x,x, -    ,0.01,0.42,1.47,0.006,0.006, -    , -    ,0.361, -    , -    ,0.004,,0.256,2940530,0.87,2940530,0.87,362,291,38
1607,D,Bristol,Bland County,US Route 52 Intersection Safety Enhancements,x,x,0.02,0, -    , -    ,0,0,0.019,0.022,0.355,1.061, -    ,0.002,,0.243,3868000,0.629,3868000,0.629,363,317,18
1446,C,Richmond,Chesterfield County,Bessie Lane Realignment and Reconstruction,x,x,0.01,0,0.06,0.11, -    , -    ,0.009,0.028,0.371,1.321,0.004,0.016,,0.242,1100000,2.2,1100000,2.2,364,206,48
1148,A,Fredericksburg,Spotsylvania County,Bridge over I95 and Widening of Harrison Rd - Salem Chuch Rd,x,x,1.23,0.75,24.77,3.18,1.289,1.289,0.429,0.489,4.549,7.364,0.341,0.807,6.325,3.061,86070000,0.356,86070000,0.356,159,351,22
1056,D,Fredericksburg,King George County,4 Lane Widening (Divided) Rt. 3 East At Rt. 301 Intersection,x,x, -    ,0.08,1.1,0.76,0.002,0.002, -    , -    ,0.8,0.488,0.706,0.022,,0.476,15000000,0.317,15000000,0.317,330,357,23
1402,D,Staunton,Page County,Aylor Grubbs Improvement Project,,x,0.01,0,0.18,1.25, -    , -    ,0.008,0.01,0.398, -    , -    ,0.002,,0.236,4394563,0.536,3139023,0.751,367,301,35
1377,C,Culpeper,Louisa County,Route 208 Safety Improvements East of route 652,,x, -    ,0,0.85,0.5,0.075,0.073, -    , -    ,0.376,0.154, -    ,0.018,,0.227,9000000,0.252,7900000,0.287,368,362,35
1712,D,Bristol,Abingdon Town,US 11/19 at SR 140 (Jonesboro Rd) Intersection Improvements,x,x, -    , -    ,0.68,0.59, -    , -    , -    , -    ,0.374, -    , -    ,0.035,,0.211,1113000,1.9,1113000,1.9,369,231,8
1034,A,Hampton Roads,Suffolk City,Mills Godwin Bridge Widening Improvements,x,x,0.22, -    ,3.74,0.65, -    , -    ,0.464,0.528, -    ,0.124,0.22,0.054, -    ,0.207,109499000,0.019,109499000,0.019,370,393,51
1681,D,Lynchburg,Cumberland County,Route 60 and Route 13 Intersection Improvement,,x, -    ,0,0.18,1.03,0,0, -    , -    ,0.316, -    , -    ,0.002,,0.198,4999690,0.397,4999690,0.397,371,345,24
1413,D,Bristol,Tazewell County,US 460 at US 19 Claypool Hill Intersection Improvements,x,x, -    ,1.34,0.1,0.13, -    , -    , -    , -    ,0.347, -    ,1.095,0.014,,0.196,6156000,0.319,6156000,0.319,372,356,26
1107,D,Bristol,Buchanan County,US 460 at Garden Creek Rd Safety Improvements,x,x, -    , -    ,0.37,0.81, -    , -    , -    , -    ,0.304, -    , -    , -    ,,0.192,8363000,0.23,8363000,0.23,373,371,31
1352,D,Staunton,Page County,Hwy 340 Improvement - Left Turn Lane,x,x, -    ,0,0.14,0.99, -    , -    , -    , -    ,0.253, -    , -    ,0.002,,0.182,2631000,0.692,2631000,0.692,374,312,36
1594,D,Bristol,Lee County,US421 Intersection Improvements,,x, -    ,0,0.23,0.86, -    , -    , -    , -    ,0.3, -    , -    ,0.003,,0.178,5142000,0.347,5142000,0.347,375,352,24
1672,A,Hampton Roads,Isle of Wight County,Nike Park Road at Titus Creek Drive Intersection Improvement,x,x, -    ,0.06,1.37,3.89, -    , -    , -    , -    ,0.271,0.266, -    , -    , -    ,0.166,3485320,0.475,3485320,0.475,376,336,39
1480,C,Staunton,Frederick County,Intersection of Route 277 and Warrior Drive,x,x,0.49, -    ,0.11,0.17, -    , -    ,0.513,0.584,0.227, -    , -    , -    ,,0.138,476644,2.887,476644,2.887,377,183,21
1418,D,Hampton Roads,Northampton County,Cemetery Road - Northampton County,,x, -    ,0,0.15,0.56,0,0, -    , -    ,0.198, -    ,0.003,0.038,,0.119,6290724,0.189,5642700,0.211,378,375,46
1309,B,Salem,Roanoke County,Roanoke River Greenway - Explore Park to Rutrough Road,x,x,0.05, -    , -    , -    , -    , -    ,0.105,0.119,0.149,0.507, -    , -    ,0.345,0.118,3263160,0.361,3263160,0.361,379,350,45
1671,A,Hampton Roads,Isle of Wight County,US 258/Main Street at Route 10 Intersection Improvements,x,x,0.08,0.15,0.3,0.33,0.051,0.051,0.272,0.461,0.185, -    ,0.374,0.023, -    ,0.117,4138760,0.283,4138760,0.283,380,364,44
1508,D,Richmond,Amelia County,Pedestrian Improvements on Route 38 & 614,,x,0.05, -    ,0.12,0.27,0.242,0.234,0.052,0.059,0.176,0.005, -    , -    ,,0.104,2435310,0.429,2435310,0.429,381,342,68
1460,D,Lynchburg,Buckingham County,Rt.15 Southbound at Rt. 617 (Gravel Hill Rd.),,x, -    ,0,0.09,0.43, -    , -    , -    ,0.257,0.169, -    , -    ,0.001,,0.1,1884410,0.531,1884410,0.531,382,329,23
1023,C,Culpeper,Fauquier County,Whiting Road Railroad Crossing,,x,0.4,0.62, -    , -    , -    , -    , -    , -    ,0.159,0.076, -    , -    ,,0.096,2045000,0.469,1318500,0.727,383,306,29
1692,D,Bristol,Big Stone Gap Town,US 58 ALTbetween Shawnee Ave to 5th Street Access Management,,x, -    ,0,0.15,0.42,0.004,0.005, -    , -    ,0.154, -    , -    ,0.004,,0.094,5908000,0.159,5908000,0.159,384,382,34
1200,A,Fredericksburg,Stafford County,"4.	Stafford - Decatur Road Reconstruction",x,x, -    ,0,0.3,2.27,2.511,0.824, -    , -    ,0.578, -    , -    , -    , -    ,0.344,15500000,0.222,15500000,0.222,352,372,24
1211,D,Fredericksburg,Westmoreland County,Construct Passing Lanes on Route 3 near Lerty,,x, -    , -    ,1.22,0.65,0.012,0.012, -    , -    ,0.548, -    ,0.226,0.009,,0.325,14700000,0.221,14700000,0.221,354,373,25
1482,C,Lynchburg,Amherst County,Route 29 Median Barrier Replacement,,x, -    , -    ,0.5,0.05, -    , -    , -    , -    ,0.126, -    , -    ,0.069,,0.079,5186148,0.153,5186148,0.153,387,383,26
1421,D,Hampton Roads,Northampton County,Eyrehall Drive - Northampton County,x,x, -    ,0.01,0.21,0.25, -    , -    , -    , -    ,0.101, -    , -    ,0.003,,0.075,1616600,0.467,1616600,0.467,388,337,40
1041,A,Hampton Roads,Newport News City,Campbell Road Reconstruction,x,x,0.07,0, -    , -    ,0.35,0.361,0.076,0.086,0.108, -    , -    , -    , -    ,0.071,9400000,0.075,8400000,0.084,389,390,50
1589,D,Bristol,Scott County,Route 58 Climbing Lane (Partial),x,x, -    , -    ,0.06,0.37, -    , -    , -    , -    ,0.118, -    , -    ,0.003,,0.071,6804000,0.104,6804000,0.104,390,388,36
1044,A,Hampton Roads,Newport News City,Pedestrian Improvements - Warwick Blvd to Bland Blvd South,x,x,0.15,0, -    , -    ,0.094,0.095,0.159,0.181,0.108, -    , -    , -    , -    ,0.065,3100000,0.21,3100000,0.21,391,376,47
1474,C,Staunton,Frederick County,Intersection of Senseny Road and Crestleigh Drive,,x, -    ,0.06,0.09,0.27, -    , -    , -    , -    ,0.073, -    , -    , -    ,,0.053,2548580,0.209,2548580,0.209,392,377,40
1259,D,Lynchburg,Altavista Town,Altavista Elementary School Transportation Improvements,,x, -    ,0.01, -    , -    ,0.002,0.002, -    , -    ,0.019, -    ,0.136, -    ,,0.011,2257340,0.05,2257340,0.05,393,392,27
1588,D,Bristol,Wise County,Central High School Road,,x,0.03, -    , -    , -    , -    , -    ,0.116,0.059,0.016, -    , -    , -    ,,0.009,9264000,0.01,9264000,0.01,394,394,38
1703,D,Bristol,Russell County,Route 80 Project 2,,x, -    , -    , -    , -    ,0.003,0.003, -    , -    ,0.001, -    , -    ,0.007,,0.001,6249000,0.001,6249000,0.001,395,396,39
1593,D,Bristol,Lee County,US421 Roadway Enhancements,,x, -    , -    , -    , -    ,0.003,0.003, -    , -    ,0.001, -    , -    ,0.001,,0.001,5003000,0.001,5003000,0.001,396,398,40
1673,D,Bristol,Russell County,Route 80 Project 1,,x, -    , -    , -    , -    ,0,0, -    , -    ,0.001, -    , -    ,0.006,,0,7401000,0.001,7401000,0.001,397,399,41
1509,D,Hampton Roads,Greensville County,301 N Median Crossover Project,,x, -    , -    , -    , -    , -    , -    , -    , -    ,0, -    , -    ,0.003,,0,478313,0.006,478313,0.006,398,395,52
1134,D,Lynchburg,Prince Edward County,US 460 Interchange,x,x, -    , -    , -    , -    , -    , -    , -    , -    ,0, -    , -    ,0.003,,0,10505600,0,10505600,0,399,400,28
1628,C,Salem,Floyd County,Route 653 Shawsville Pike Safety Improvement,,x, -    ,0, -    , -    ,0.001,0.001, -    , -    ,0, -    , -    , -    ,,0,2505449,0.001,1342596,0.001,400,397,47
1430,D,Salem,Patrick County,Squirrel Spur,,x, -    ,0, -    , -    ,0,0, -    , -    ,0, -    , -    , -    ,,0,3715670,0,3715670,0,401,401,48
1340,D,Bristol,Wythe County,Progress Park Connector Road,x,x, -    , -    , -    , -    , -    , -    , -    , -    , -    , -    , -    , -    ,, -    ,20049000, -    ,17722000, -    ,402,402,42
1396,C,Salem,Blacksburg Town,Bus Stop Shelters and Improvements,x,x, -    , -    , -    , -    , -    , -    , -    , -    , -    , -    , -    , -    ,, -    ,152106, -    ,152106, -    ,402,402,49
1690,D,Salem,Botetourt County,Route 696 and Route 220 Intersection Realignment Project,x,x, -    , -    , -    , -    , -    , -    , -    , -    , -    , -    , -    , -    ,, -    ,3218990, -    ,3218990, -    ,402,402,49
